rental_id,rental_date,inventory_id,customer_id,return_date,staff_id,last_update
1,2005-05-24 22:53:30,97,130,2005-05-26 22:04:30,1,2006-02-15 21:30:53
2,2005-05-24 22:54:33,777,459,2005-05-28 19:40:33,1,2006-02-15 21:30:53
3,2005-05-24 23:03:39,777,408,2005-06-01 22:12:39,1,2006-02-15 21:30:53
4,2005-05-24 23:04:41,355,333,2005-06-03 01:43:41,2,2006-02-15 21:30:53
5,2005-05-24 23:05:21,406,222,2005-06-02 04:33:21,1,2006-02-15 21:30:53
6,2005-05-24 23:08:07,733,549,2005-05-27 01:32:07,1,2006-02-15 21:30:53
7,2005-05-24 23:11:53,502,269,2005-05-29 20:34:53,2,2006-02-15 21:30:53
8,2005-05-24 23:31:46,998,239,2005-05-27 23:33:46,2,2006-02-15 21:30:53
9,2005-05-25 00:00:40,321,126,2005-05-28 00:22:40,1,2006-02-15 21:30:53
10,2005-05-25 00:02:21,246,399,2005-05-31 22:44:21,2,2006-02-15 21:30:53
11,2005-05-25 00:09:02,233,142,2005-06-02 20:56:02,2,2006-02-15 21:30:53
12,2005-05-25 00:19:27,794,261,2005-05-30 05:44:27,2,2006-02-15 21:30:53
13,2005-05-25 00:22:55,905,334,2005-05-30 04:28:55,1,2006-02-15 21:30:53
14,2005-05-25 00:31:15,417,446,2005-05-26 02:56:15,1,2006-02-15 21:30:53
15,2005-05-25 00:39:22,814,319,2005-06-03 03:30:22,1,2006-02-15 21:30:53
16,2005-05-25 00:43:11,283,316,2005-05-26 04:42:11,2,2006-02-15 21:30:53
17,2005-05-25 01:06:36,185,575,2005-05-27 00:43:36,1,2006-02-15 21:30:53
18,2005-05-25 01:10:47,679,19,2005-05-31 06:35:47,2,2006-02-15 21:30:53
19,2005-05-25 01:17:24,62,456,2005-05-31 06:00:24,1,2006-02-15 21:30:53
20,2005-05-25 01:48:41,874,185,2005-05-27 02:20:41,2,2006-02-15 21:30:53
21,2005-05-25 01:59:46,321,388,2005-05-26 01:01:46,2,2006-02-15 21:30:53
22,2005-05-25 02:19:23,456,509,2005-05-26 04:52:23,2,2006-02-15 21:30:53
23,2005-05-25 02:40:21,365,438,2005-05-29 06:34:21,1,2006-02-15 21:30:53
24,2005-05-25 02:53:02,299,350,2005-05-27 01:15:02,1,2006-02-15 21:30:53
25,2005-05-25 03:21:20,689,37,2005-05-27 21:25:20,2,2006-02-15 21:30:53
26,2005-05-25 03:36:50,502,371,2005-05-31 00:34:50,1,2006-02-15 21:30:53
27,2005-05-25 03:41:50,906,301,2005-05-30 01:13:50,2,2006-02-15 21:30:53
28,2005-05-25 03:42:37,722,232,2005-05-26 09:26:37,2,2006-02-15 21:30:53
29,2005-05-25 03:47:12,235,44,2005-05-30 00:31:12,2,2006-02-15 21:30:53
30,2005-05-25 04:01:32,732,430,2005-05-30 03:12:32,1,2006-02-15 21:30:53
31,2005-05-25 04:05:17,598,369,2005-05-30 07:15:17,1,2006-02-15 21:30:53
32,2005-05-25 04:06:21,996,230,2005-05-25 23:55:21,1,2006-02-15 21:30:53
33,2005-05-25 04:18:51,647,272,2005-05-27 03:58:51,1,2006-02-15 21:30:53
34,2005-05-25 04:19:28,466,597,2005-05-29 00:10:28,2,2006-02-15 21:30:53
35,2005-05-25 04:24:36,652,484,2005-05-27 07:02:36,2,2006-02-15 21:30:53
36,2005-05-25 04:36:26,895,88,2005-05-29 00:31:26,1,2006-02-15 21:30:53
37,2005-05-25 04:44:31,545,535,2005-05-29 01:03:31,1,2006-02-15 21:30:53
38,2005-05-25 04:47:44,395,302,2005-06-01 00:58:44,1,2006-02-15 21:30:53
39,2005-05-25 04:51:46,667,207,2005-05-31 03:14:46,2,2006-02-15 21:30:53
40,2005-05-25 05:09:04,425,413,2005-05-27 23:12:04,1,2006-02-15 21:30:53
41,2005-05-25 05:12:29,286,174,2005-06-02 00:28:29,1,2006-02-15 21:30:53
42,2005-05-25 05:24:58,119,523,2005-05-31 02:47:58,2,2006-02-15 21:30:53
43,2005-05-25 05:39:25,363,532,2005-05-26 06:54:25,2,2006-02-15 21:30:53
44,2005-05-25 05:53:23,837,207,2005-05-29 10:56:23,2,2006-02-15 21:30:53
45,2005-05-25 05:59:39,879,436,2005-06-02 09:56:39,2,2006-02-15 21:30:53
46,2005-05-25 06:04:08,707,7,2005-06-02 08:18:08,2,2006-02-15 21:30:53
47,2005-05-25 06:05:20,206,35,2005-05-30 03:04:20,1,2006-02-15 21:30:53
48,2005-05-25 06:20:46,368,282,2005-06-02 05:42:46,1,2006-02-15 21:30:53
49,2005-05-25 06:39:35,926,498,2005-05-30 10:12:35,2,2006-02-15 21:30:53
50,2005-05-25 06:44:53,288,18,2005-05-28 11:28:53,2,2006-02-15 21:30:53
51,2005-05-25 06:49:10,786,256,2005-05-26 06:42:10,1,2006-02-15 21:30:53
52,2005-05-25 06:51:29,403,507,2005-05-31 01:27:29,2,2006-02-15 21:30:53
53,2005-05-25 07:19:16,527,569,2005-05-27 05:19:16,2,2006-02-15 21:30:53
54,2005-05-25 07:23:25,473,291,2005-06-01 05:05:25,2,2006-02-15 21:30:53
55,2005-05-25 08:26:13,684,131,2005-05-30 10:57:13,1,2006-02-15 21:30:53
56,2005-05-25 08:28:11,566,511,2005-05-26 14:21:11,1,2006-02-15 21:30:53
57,2005-05-25 08:43:32,385,6,2005-05-29 06:42:32,2,2006-02-15 21:30:53
58,2005-05-25 08:53:14,804,323,2005-05-28 14:40:14,1,2006-02-15 21:30:53
59,2005-05-25 08:56:42,761,408,2005-06-01 09:52:42,1,2006-02-15 21:30:53
60,2005-05-25 08:58:25,860,470,2005-05-30 14:14:25,1,2006-02-15 21:30:53
61,2005-05-25 09:01:57,156,250,2005-06-02 07:22:57,2,2006-02-15 21:30:53
62,2005-05-25 09:18:52,776,419,2005-05-30 10:55:52,1,2006-02-15 21:30:53
63,2005-05-25 09:19:16,540,383,2005-05-27 04:24:16,1,2006-02-15 21:30:53
64,2005-05-25 09:21:29,432,368,2005-06-03 11:31:29,1,2006-02-15 21:30:53
65,2005-05-25 09:32:03,499,346,2005-05-29 14:21:03,1,2006-02-15 21:30:53
66,2005-05-25 09:35:12,676,86,2005-05-29 04:16:12,2,2006-02-15 21:30:53
67,2005-05-25 09:41:01,191,119,2005-05-27 13:46:01,2,2006-02-15 21:30:53
68,2005-05-25 09:47:31,84,120,2005-05-31 10:20:31,2,2006-02-15 21:30:53
69,2005-05-25 10:10:14,849,305,2005-05-27 14:02:14,2,2006-02-15 21:30:53
70,2005-05-25 10:15:23,891,73,2005-05-27 05:56:23,2,2006-02-15 21:30:53
71,2005-05-25 10:26:39,247,100,2005-05-28 04:59:39,1,2006-02-15 21:30:53
72,2005-05-25 10:52:13,43,48,2005-05-28 05:52:13,2,2006-02-15 21:30:53
73,2005-05-25 11:00:07,273,391,2005-06-01 13:56:07,2,2006-02-15 21:30:53
74,2005-05-25 11:09:48,693,265,2005-05-26 12:23:48,2,2006-02-15 21:30:53
75,2005-05-25 11:13:34,138,510,2005-06-03 12:58:34,1,2006-02-15 21:30:53
76,2005-05-25 11:30:37,745,1,2005-06-03 12:00:37,2,2006-02-15 21:30:53
77,2005-05-25 11:31:59,405,451,2005-05-26 16:53:59,2,2006-02-15 21:30:53
78,2005-05-25 11:35:18,725,135,2005-05-31 12:48:18,2,2006-02-15 21:30:53
79,2005-05-25 12:11:07,530,245,2005-06-03 10:54:07,2,2006-02-15 21:30:53
80,2005-05-25 12:12:07,251,314,2005-05-31 17:46:07,2,2006-02-15 21:30:53
81,2005-05-25 12:15:19,957,286,2005-06-02 14:08:19,2,2006-02-15 21:30:53
82,2005-05-25 12:17:46,238,427,2005-06-01 10:48:46,1,2006-02-15 21:30:53
83,2005-05-25 12:30:15,229,131,2005-05-27 15:40:15,1,2006-02-15 21:30:53
84,2005-05-25 12:36:30,509,492,2005-05-29 18:33:30,1,2006-02-15 21:30:53
85,2005-05-25 13:05:34,693,414,2005-05-29 16:53:34,1,2006-02-15 21:30:53
86,2005-05-25 13:36:12,898,266,2005-05-30 14:53:12,1,2006-02-15 21:30:53
87,2005-05-25 13:52:43,908,331,2005-05-29 11:12:43,2,2006-02-15 21:30:53
88,2005-05-25 14:13:54,418,53,2005-05-29 09:32:54,2,2006-02-15 21:30:53
89,2005-05-25 14:28:29,259,499,2005-05-29 14:33:29,1,2006-02-15 21:30:53
90,2005-05-25 14:31:25,362,25,2005-06-01 10:07:25,1,2006-02-15 21:30:53
91,2005-05-25 14:57:22,622,267,2005-06-01 18:32:22,1,2006-02-15 21:30:53
92,2005-05-25 15:38:46,816,302,2005-05-31 13:40:46,2,2006-02-15 21:30:53
93,2005-05-25 15:54:16,152,288,2005-06-03 20:18:16,1,2006-02-15 21:30:53
94,2005-05-25 16:03:42,744,197,2005-05-30 14:23:42,1,2006-02-15 21:30:53
95,2005-05-25 16:12:52,336,400,2005-06-02 18:55:52,2,2006-02-15 21:30:53
96,2005-05-25 16:32:19,654,49,2005-05-30 10:47:19,2,2006-02-15 21:30:53
97,2005-05-25 16:34:24,257,263,2005-05-28 12:13:24,2,2006-02-15 21:30:53
98,2005-05-25 16:48:24,604,269,2005-05-27 11:29:24,2,2006-02-15 21:30:53
99,2005-05-25 16:50:20,49,44,2005-05-28 18:52:20,1,2006-02-15 21:30:53
100,2005-05-25 16:50:28,69,208,2005-06-02 22:11:28,1,2006-02-15 21:30:53
101,2005-05-25 17:17:04,329,468,2005-05-31 19:47:04,1,2006-02-15 21:30:53
102,2005-05-25 17:22:10,169,343,2005-05-31 19:47:10,1,2006-02-15 21:30:53
103,2005-05-25 17:30:42,294,384,2005-06-03 22:36:42,1,2006-02-15 21:30:53
104,2005-05-25 17:46:33,305,310,2005-05-27 15:20:33,1,2006-02-15 21:30:53
105,2005-05-25 17:54:12,470,108,2005-05-30 12:03:12,2,2006-02-15 21:30:53
106,2005-05-25 18:18:19,636,196,2005-06-04 00:01:19,2,2006-02-15 21:30:53
107,2005-05-25 18:28:09,807,317,2005-06-03 22:46:09,2,2006-02-15 21:30:53
108,2005-05-25 18:30:05,540,242,2005-05-30 19:40:05,1,2006-02-15 21:30:53
109,2005-05-25 18:40:20,151,503,2005-05-29 20:39:20,2,2006-02-15 21:30:53
110,2005-05-25 18:43:49,855,19,2005-06-03 18:13:49,2,2006-02-15 21:30:53
111,2005-05-25 18:45:19,719,227,2005-05-28 17:18:19,1,2006-02-15 21:30:53
112,2005-05-25 18:57:24,52,500,2005-06-02 20:44:24,1,2006-02-15 21:30:53
113,2005-05-25 19:07:40,243,93,2005-05-27 22:16:40,2,2006-02-15 21:30:53
114,2005-05-25 19:12:42,902,506,2005-06-01 23:10:42,1,2006-02-15 21:30:53
115,2005-05-25 19:13:25,550,455,2005-05-29 20:17:25,1,2006-02-15 21:30:53
116,2005-05-25 19:27:51,131,18,2005-05-26 16:23:51,1,2006-02-15 21:30:53
117,2005-05-25 19:30:46,317,7,2005-05-31 23:59:46,2,2006-02-15 21:30:53
118,2005-05-25 19:31:18,530,524,2005-05-31 15:00:18,1,2006-02-15 21:30:53
119,2005-05-25 19:37:02,323,51,2005-05-29 23:51:02,2,2006-02-15 21:30:53
120,2005-05-25 19:37:47,608,365,2005-06-01 23:29:47,2,2006-02-15 21:30:53
121,2005-05-25 19:41:29,501,405,2005-05-29 21:31:29,1,2006-02-15 21:30:53
122,2005-05-25 19:46:21,77,273,2005-06-02 19:07:21,1,2006-02-15 21:30:53
123,2005-05-25 20:26:42,659,43,2005-05-26 19:41:42,1,2006-02-15 21:30:53
124,2005-05-25 20:46:11,576,246,2005-05-30 00:47:11,2,2006-02-15 21:30:53
125,2005-05-25 20:48:50,445,368,2005-06-02 21:39:50,1,2006-02-15 21:30:53
126,2005-05-25 21:07:59,887,439,2005-05-28 18:51:59,1,2006-02-15 21:30:53
127,2005-05-25 21:10:40,455,94,2005-06-02 21:38:40,1,2006-02-15 21:30:53
128,2005-05-25 21:19:53,774,40,2005-05-29 23:34:53,1,2006-02-15 21:30:53
129,2005-05-25 21:20:03,533,23,2005-06-04 01:25:03,2,2006-02-15 21:30:53
130,2005-05-25 21:21:56,81,56,2005-05-30 22:41:56,2,2006-02-15 21:30:53
131,2005-05-25 21:42:46,531,325,2005-05-30 23:25:46,2,2006-02-15 21:30:53
132,2005-05-25 21:46:54,300,479,2005-05-31 21:02:54,1,2006-02-15 21:30:53
133,2005-05-25 21:48:30,964,237,2005-05-30 00:26:30,2,2006-02-15 21:30:53
134,2005-05-25 21:48:41,114,222,2005-06-02 18:28:41,1,2006-02-15 21:30:53
135,2005-05-25 21:58:58,739,304,2005-06-03 17:50:58,1,2006-02-15 21:30:53
136,2005-05-25 22:02:30,769,504,2005-05-31 18:06:30,1,2006-02-15 21:30:53
137,2005-05-25 22:25:18,414,560,2005-06-01 02:30:18,2,2006-02-15 21:30:53
138,2005-05-25 22:48:22,90,586,2005-05-29 20:21:22,2,2006-02-15 21:30:53
139,2005-05-25 23:00:21,840,257,2005-05-29 17:12:21,1,2006-02-15 21:30:53
140,2005-05-25 23:34:22,640,354,2005-05-27 01:10:22,1,2006-02-15 21:30:53
141,2005-05-25 23:34:53,183,89,2005-06-02 01:57:53,1,2006-02-15 21:30:53
142,2005-05-25 23:43:47,790,472,2005-05-29 00:46:47,2,2006-02-15 21:30:53
143,2005-05-25 23:45:52,532,297,2005-05-27 21:41:52,2,2006-02-15 21:30:53
144,2005-05-25 23:49:56,558,357,2005-06-01 21:41:56,2,2006-02-15 21:30:53
145,2005-05-25 23:59:03,461,82,2005-05-31 02:56:03,1,2006-02-15 21:30:53
146,2005-05-26 00:07:11,28,433,2005-06-04 00:20:11,2,2006-02-15 21:30:53
147,2005-05-26 00:17:50,897,274,2005-05-29 23:21:50,2,2006-02-15 21:30:53
148,2005-05-26 00:25:23,644,142,2005-06-01 19:29:23,2,2006-02-15 21:30:53
149,2005-05-26 00:28:05,509,319,2005-06-02 21:30:05,2,2006-02-15 21:30:53
150,2005-05-26 00:28:39,208,429,2005-06-01 02:10:39,2,2006-02-15 21:30:53
151,2005-05-26 00:37:28,338,14,2005-05-30 06:28:28,1,2006-02-15 21:30:53
152,2005-05-26 00:41:10,513,57,2005-06-03 06:05:10,1,2006-02-15 21:30:53
153,2005-05-26 00:47:47,374,348,2005-05-27 21:28:47,1,2006-02-15 21:30:53
154,2005-05-26 00:55:56,402,185,2005-05-29 23:18:56,2,2006-02-15 21:30:53
155,2005-05-26 01:15:05,382,551,2005-06-01 00:03:05,1,2006-02-15 21:30:53
156,2005-05-26 01:19:05,273,462,2005-05-27 23:43:05,1,2006-02-15 21:30:53
157,2005-05-26 01:25:21,17,344,2005-05-26 21:17:21,2,2006-02-15 21:30:53
158,2005-05-26 01:27:11,727,354,2005-06-03 00:30:11,2,2006-02-15 21:30:53
159,2005-05-26 01:34:28,970,505,2005-05-29 04:00:28,1,2006-02-15 21:30:53
160,2005-05-26 01:46:20,922,290,2005-06-01 05:45:20,1,2006-02-15 21:30:53
161,2005-05-26 01:51:48,883,182,2005-05-27 05:42:48,1,2006-02-15 21:30:53
162,2005-05-26 02:02:05,416,296,2005-05-27 03:38:05,2,2006-02-15 21:30:53
163,2005-05-26 02:26:23,583,104,2005-06-04 06:36:23,1,2006-02-15 21:30:53
164,2005-05-26 02:26:49,73,151,2005-05-28 00:32:49,1,2006-02-15 21:30:53
165,2005-05-26 02:28:36,924,33,2005-06-02 03:21:36,1,2006-02-15 21:30:53
166,2005-05-26 02:49:11,727,322,2005-05-31 01:28:11,1,2006-02-15 21:30:53
167,2005-05-26 02:50:31,847,401,2005-05-27 03:07:31,1,2006-02-15 21:30:53
168,2005-05-26 03:07:43,162,469,2005-06-02 02:09:43,2,2006-02-15 21:30:53
169,2005-05-26 03:09:30,683,381,2005-05-27 01:37:30,2,2006-02-15 21:30:53
170,2005-05-26 03:11:12,455,107,2005-06-02 03:53:12,1,2006-02-15 21:30:53
171,2005-05-26 03:14:15,982,400,2005-06-03 00:24:15,2,2006-02-15 21:30:53
172,2005-05-26 03:17:42,514,176,2005-05-29 04:11:42,2,2006-02-15 21:30:53
173,2005-05-26 03:42:10,904,533,2005-05-28 01:37:10,2,2006-02-15 21:30:53
174,2005-05-26 03:44:10,325,552,2005-05-28 07:13:10,2,2006-02-15 21:30:53
175,2005-05-26 03:46:26,624,47,2005-06-03 06:01:26,2,2006-02-15 21:30:53
176,2005-05-26 03:47:39,25,250,2005-06-01 02:36:39,2,2006-02-15 21:30:53
177,2005-05-26 04:14:29,753,548,2005-06-01 08:16:29,2,2006-02-15 21:30:53
178,2005-05-26 04:21:46,347,196,2005-06-04 07:09:46,2,2006-02-15 21:30:53
179,2005-05-26 04:26:06,331,19,2005-06-03 10:06:06,1,2006-02-15 21:30:53
180,2005-05-26 04:46:23,349,75,2005-06-01 09:58:23,1,2006-02-15 21:30:53
181,2005-05-26 04:47:06,634,587,2005-05-29 06:34:06,2,2006-02-15 21:30:53
182,2005-05-26 04:49:17,568,237,2005-06-01 05:43:17,2,2006-02-15 21:30:53
183,2005-05-26 05:01:18,802,254,2005-06-01 09:04:18,1,2006-02-15 21:30:53
184,2005-05-26 05:29:49,511,556,2005-05-28 10:10:49,1,2006-02-15 21:30:53
185,2005-05-26 05:30:03,195,125,2005-06-02 09:48:03,2,2006-02-15 21:30:53
186,2005-05-26 05:32:52,681,468,2005-06-03 07:19:52,2,2006-02-15 21:30:53
187,2005-05-26 05:42:37,868,515,2005-06-04 00:38:37,1,2006-02-15 21:30:53
188,2005-05-26 05:47:12,387,243,2005-05-26 23:48:12,1,2006-02-15 21:30:53
189,2005-05-26 06:01:41,653,247,2005-05-27 06:11:41,1,2006-02-15 21:30:53
190,2005-05-26 06:11:28,615,533,2005-06-01 09:44:28,1,2006-02-15 21:30:53
191,2005-05-26 06:14:06,362,412,2005-05-28 05:33:06,1,2006-02-15 21:30:53
192,2005-05-26 06:20:37,720,437,2005-06-02 10:57:37,1,2006-02-15 21:30:53
193,2005-05-26 06:41:48,291,270,2005-05-30 06:21:48,2,2006-02-15 21:30:53
194,2005-05-26 06:52:33,858,29,2005-05-30 04:08:33,2,2006-02-15 21:30:53
195,2005-05-26 06:52:36,920,564,2005-05-31 02:47:36,2,2006-02-15 21:30:53
196,2005-05-26 06:55:58,633,184,2005-05-27 10:54:58,1,2006-02-15 21:30:53
197,2005-05-26 06:59:21,302,546,2005-06-03 05:04:21,2,2006-02-15 21:30:53
198,2005-05-26 07:03:49,922,54,2005-06-04 11:45:49,1,2006-02-15 21:30:53
199,2005-05-26 07:11:58,873,71,2005-05-28 09:06:58,1,2006-02-15 21:30:53
200,2005-05-26 07:12:21,847,321,2005-05-31 12:07:21,1,2006-02-15 21:30:53
201,2005-05-26 07:13:45,998,444,2005-06-04 02:02:45,2,2006-02-15 21:30:53
202,2005-05-26 07:27:36,256,20,2005-06-02 03:52:36,1,2006-02-15 21:30:53
203,2005-05-26 07:27:57,855,109,2005-06-03 12:52:57,1,2006-02-15 21:30:53
204,2005-05-26 07:30:37,275,528,2005-05-30 08:11:37,1,2006-02-15 21:30:53
205,2005-05-26 07:59:37,48,114,2005-05-29 09:43:37,2,2006-02-15 21:30:53
206,2005-05-26 08:01:54,293,345,2005-05-27 06:26:54,1,2006-02-15 21:30:53
207,2005-05-26 08:04:38,288,47,2005-05-27 09:32:38,2,2006-02-15 21:30:53
208,2005-05-26 08:10:22,209,274,2005-05-27 03:55:22,1,2006-02-15 21:30:53
209,2005-05-26 08:14:01,770,379,2005-05-27 09:00:01,1,2006-02-15 21:30:53
210,2005-05-26 08:14:15,594,391,2005-05-27 12:12:15,2,2006-02-15 21:30:53
211,2005-05-26 08:33:10,944,170,2005-05-28 14:09:10,1,2006-02-15 21:30:53
212,2005-05-26 08:34:41,314,59,2005-05-30 12:46:41,2,2006-02-15 21:30:53
213,2005-05-26 08:44:08,288,394,2005-05-31 12:33:08,2,2006-02-15 21:30:53
214,2005-05-26 08:48:49,218,98,2005-05-31 04:06:49,2,2006-02-15 21:30:53
215,2005-05-26 09:02:47,88,197,2005-05-28 09:45:47,2,2006-02-15 21:30:53
216,2005-05-26 09:17:43,528,91,2005-06-03 08:21:43,1,2006-02-15 21:30:53
217,2005-05-26 09:24:26,591,121,2005-05-31 03:24:26,2,2006-02-15 21:30:53
218,2005-05-26 09:27:09,695,309,2005-06-04 11:53:09,2,2006-02-15 21:30:53
219,2005-05-26 09:41:45,542,489,2005-05-28 04:40:45,1,2006-02-15 21:30:53
220,2005-05-26 10:06:49,326,542,2005-06-01 07:43:49,1,2006-02-15 21:30:53
221,2005-05-26 10:14:09,92,143,2005-05-29 05:57:09,1,2006-02-15 21:30:53
222,2005-05-26 10:14:38,372,83,2005-05-31 08:36:38,2,2006-02-15 21:30:53
223,2005-05-26 10:15:23,476,460,2005-05-30 11:43:23,1,2006-02-15 21:30:53
224,2005-05-26 10:18:27,27,318,2005-06-04 06:59:27,1,2006-02-15 21:30:53
225,2005-05-26 10:27:50,402,467,2005-06-01 07:01:50,2,2006-02-15 21:30:53
226,2005-05-26 10:44:04,123,221,2005-05-31 13:26:04,2,2006-02-15 21:30:53
227,2005-05-26 10:51:46,287,301,2005-05-30 07:24:46,1,2006-02-15 21:30:53
228,2005-05-26 10:54:28,165,571,2005-06-04 09:39:28,1,2006-02-15 21:30:53
229,2005-05-26 11:19:20,115,312,2005-05-31 11:56:20,2,2006-02-15 21:30:53
230,2005-05-26 11:31:50,276,58,2005-05-30 15:22:50,1,2006-02-15 21:30:53
231,2005-05-26 11:31:59,505,365,2005-05-27 07:27:59,1,2006-02-15 21:30:53
232,2005-05-26 11:38:05,326,256,2005-05-27 08:42:05,2,2006-02-15 21:30:53
233,2005-05-26 11:43:44,822,531,2005-05-28 17:28:44,2,2006-02-15 21:30:53
234,2005-05-26 11:47:20,26,566,2005-06-03 10:39:20,2,2006-02-15 21:30:53
235,2005-05-26 11:51:09,408,119,2005-06-04 09:36:09,1,2006-02-15 21:30:53
236,2005-05-26 11:53:49,757,446,2005-05-28 13:55:49,1,2006-02-15 21:30:53
237,2005-05-26 12:15:13,445,536,2005-05-29 18:10:13,1,2006-02-15 21:30:53
238,2005-05-26 12:30:22,269,211,2005-05-27 06:49:22,1,2006-02-15 21:30:53
239,2005-05-26 12:30:26,40,49,2005-06-01 13:26:26,2,2006-02-15 21:30:53
240,2005-05-26 12:40:23,409,103,2005-06-04 07:22:23,1,2006-02-15 21:30:53
241,2005-05-26 12:49:01,533,245,2005-05-28 11:43:01,2,2006-02-15 21:30:53
242,2005-05-26 13:05:08,946,214,2005-06-02 15:26:08,1,2006-02-15 21:30:53
243,2005-05-26 13:06:05,260,543,2005-06-03 17:28:05,2,2006-02-15 21:30:53
244,2005-05-26 13:40:40,952,257,2005-05-31 11:58:40,1,2006-02-15 21:30:53
245,2005-05-26 13:46:59,871,158,2005-05-27 09:58:59,2,2006-02-15 21:30:53
246,2005-05-26 13:57:07,673,240,2005-05-29 10:12:07,2,2006-02-15 21:30:53
247,2005-05-26 14:01:05,806,102,2005-05-28 13:38:05,2,2006-02-15 21:30:53
248,2005-05-26 14:07:58,926,545,2005-05-31 14:03:58,2,2006-02-15 21:30:53
249,2005-05-26 14:19:09,392,472,2005-05-28 17:47:09,2,2006-02-15 21:30:53
250,2005-05-26 14:30:24,992,539,2005-05-27 08:50:24,1,2006-02-15 21:30:53
251,2005-05-26 14:35:40,995,204,2005-05-29 17:17:40,1,2006-02-15 21:30:53
252,2005-05-26 14:39:53,130,187,2005-06-02 14:48:53,1,2006-02-15 21:30:53
253,2005-05-26 14:43:14,517,416,2005-05-27 12:21:14,1,2006-02-15 21:30:53
254,2005-05-26 14:43:48,408,390,2005-05-31 09:19:48,2,2006-02-15 21:30:53
255,2005-05-26 14:52:15,396,114,2005-05-27 12:45:15,1,2006-02-15 21:30:53
256,2005-05-26 15:20:58,600,436,2005-05-31 15:58:58,1,2006-02-15 21:30:53
257,2005-05-26 15:27:05,769,373,2005-05-29 16:25:05,2,2006-02-15 21:30:53
258,2005-05-26 15:28:14,315,502,2005-05-30 18:38:14,2,2006-02-15 21:30:53
259,2005-05-26 15:32:46,896,482,2005-06-04 15:27:46,2,2006-02-15 21:30:53
260,2005-05-26 15:42:20,1000,21,2005-05-31 13:21:20,2,2006-02-15 21:30:53
261,2005-05-26 15:44:23,564,414,2005-06-02 09:47:23,2,2006-02-15 21:30:53
262,2005-05-26 15:46:56,52,236,2005-05-28 15:49:56,2,2006-02-15 21:30:53
263,2005-05-26 15:47:40,978,449,2005-05-30 10:07:40,2,2006-02-15 21:30:53
264,2005-05-26 16:00:49,737,251,2005-05-27 10:12:49,2,2006-02-15 21:30:53
265,2005-05-26 16:07:38,206,303,2005-06-01 14:20:38,1,2006-02-15 21:30:53
266,2005-05-26 16:08:05,629,263,2005-05-27 10:55:05,2,2006-02-15 21:30:53
267,2005-05-26 16:16:21,398,417,2005-05-30 16:53:21,2,2006-02-15 21:30:53
268,2005-05-26 16:19:08,919,75,2005-05-27 14:35:08,1,2006-02-15 21:30:53
269,2005-05-26 16:19:46,725,322,2005-05-27 15:59:46,2,2006-02-15 21:30:53
270,2005-05-26 16:20:56,146,200,2005-06-03 12:40:56,2,2006-02-15 21:30:53
271,2005-05-26 16:22:01,705,92,2005-06-03 17:30:01,2,2006-02-15 21:30:53
272,2005-05-26 16:27:11,444,71,2005-06-03 13:10:11,2,2006-02-15 21:30:53
273,2005-05-26 16:29:36,226,193,2005-05-29 18:49:36,2,2006-02-15 21:30:53
274,2005-05-26 16:48:51,275,311,2005-06-03 18:17:51,1,2006-02-15 21:30:53
275,2005-05-26 17:09:53,765,133,2005-06-04 22:35:53,1,2006-02-15 21:30:53
276,2005-05-26 17:16:07,225,58,2005-06-03 12:59:07,1,2006-02-15 21:30:53
277,2005-05-26 17:32:11,549,45,2005-05-28 22:54:11,1,2006-02-15 21:30:53
278,2005-05-26 17:40:58,981,214,2005-06-02 16:43:58,2,2006-02-15 21:30:53
279,2005-05-26 18:02:50,501,384,2005-06-03 18:48:50,2,2006-02-15 21:30:53
280,2005-05-26 18:36:58,602,167,2005-05-27 23:42:58,1,2006-02-15 21:30:53
281,2005-05-26 18:49:35,523,582,2005-05-27 18:11:35,2,2006-02-15 21:30:53
282,2005-05-26 18:56:26,49,282,2005-06-01 16:32:26,2,2006-02-15 21:30:53
283,2005-05-26 19:05:05,97,242,2005-05-31 19:19:05,1,2006-02-15 21:30:53
284,2005-05-26 19:21:44,956,359,2005-06-04 14:18:44,2,2006-02-15 21:30:53
285,2005-05-26 19:41:40,559,162,2005-05-31 16:58:40,2,2006-02-15 21:30:53
286,2005-05-26 19:44:51,539,371,2005-06-04 18:00:51,2,2006-02-15 21:30:53
287,2005-05-26 19:44:54,683,17,2005-06-02 01:10:54,1,2006-02-15 21:30:53
288,2005-05-26 19:47:49,417,82,2005-06-03 20:53:49,2,2006-02-15 21:30:53
289,2005-05-26 20:01:09,874,81,2005-05-28 15:09:09,1,2006-02-15 21:30:53
290,2005-05-26 20:08:33,64,429,2005-05-30 00:32:33,1,2006-02-15 21:30:53
291,2005-05-26 20:20:47,875,577,2005-06-03 02:06:47,2,2006-02-15 21:30:53
292,2005-05-26 20:22:12,260,515,2005-06-05 00:58:12,1,2006-02-15 21:30:53
293,2005-05-26 20:27:02,992,158,2005-06-03 16:45:02,2,2006-02-15 21:30:53
294,2005-05-26 20:29:57,527,369,2005-05-28 17:20:57,1,2006-02-15 21:30:53
295,2005-05-26 20:33:20,851,65,2005-05-27 18:23:20,2,2006-02-15 21:30:53
296,2005-05-26 20:35:19,539,468,2005-06-04 02:31:19,2,2006-02-15 21:30:53
297,2005-05-26 20:48:48,122,48,2005-05-27 19:52:48,2,2006-02-15 21:30:53
298,2005-05-26 20:52:26,911,460,2005-05-29 22:08:26,2,2006-02-15 21:30:53
299,2005-05-26 20:55:36,113,448,2005-05-28 00:25:36,2,2006-02-15 21:30:53
300,2005-05-26 20:57:00,515,47,2005-06-05 01:34:00,2,2006-02-15 21:30:53
301,2005-05-26 21:06:14,985,274,2005-06-01 01:54:14,2,2006-02-15 21:30:53
302,2005-05-26 21:13:46,551,387,2005-06-03 15:49:46,2,2006-02-15 21:30:53
303,2005-05-26 21:16:52,101,596,2005-05-27 23:41:52,2,2006-02-15 21:30:53
304,2005-05-26 21:21:28,400,534,2005-06-02 00:05:28,1,2006-02-15 21:30:53
305,2005-05-26 21:22:07,218,464,2005-06-02 22:33:07,2,2006-02-15 21:30:53
306,2005-05-26 21:31:57,923,547,2005-05-28 19:37:57,1,2006-02-15 21:30:53
307,2005-05-26 21:48:13,170,375,2005-06-04 22:24:13,1,2006-02-15 21:30:53
308,2005-05-26 22:01:39,559,277,2005-06-04 20:24:39,2,2006-02-15 21:30:53
309,2005-05-26 22:38:10,934,251,2005-06-02 03:10:10,2,2006-02-15 21:30:53
310,2005-05-26 22:41:07,735,409,2005-06-02 04:09:07,1,2006-02-15 21:30:53
311,2005-05-26 22:51:37,317,201,2005-06-01 00:02:37,1,2006-02-15 21:30:53
312,2005-05-26 22:52:19,812,143,2005-06-02 18:14:19,2,2006-02-15 21:30:53
313,2005-05-26 22:56:19,113,594,2005-05-29 01:29:19,2,2006-02-15 21:30:53
314,2005-05-26 23:09:41,598,203,2005-05-28 22:49:41,2,2006-02-15 21:30:53
315,2005-05-26 23:12:55,844,238,2005-05-29 23:33:55,1,2006-02-15 21:30:53
316,2005-05-26 23:22:55,533,249,2005-05-29 23:25:55,2,2006-02-15 21:30:53
317,2005-05-26 23:23:56,939,391,2005-06-01 19:56:56,2,2006-02-15 21:30:53
318,2005-05-26 23:37:39,129,60,2005-06-03 04:31:39,2,2006-02-15 21:30:53
319,2005-05-26 23:52:13,416,77,2005-05-30 18:55:13,1,2006-02-15 21:30:53
320,2005-05-27 00:09:24,86,2,2005-05-28 04:30:24,2,2006-02-15 21:30:53
322,2005-05-27 00:47:35,963,496,2005-06-02 00:32:35,1,2006-02-15 21:30:53
323,2005-05-27 00:49:27,973,144,2005-05-30 03:12:27,1,2006-02-15 21:30:53
324,2005-05-27 01:00:04,426,292,2005-05-30 04:27:04,1,2006-02-15 21:30:53
325,2005-05-27 01:09:55,230,449,2005-05-31 07:01:55,2,2006-02-15 21:30:53
326,2005-05-27 01:10:11,713,432,2005-06-04 20:25:11,2,2006-02-15 21:30:53
327,2005-05-27 01:18:57,208,105,2005-06-04 04:06:57,1,2006-02-15 21:30:53
328,2005-05-27 01:29:31,584,451,2005-06-01 02:27:31,1,2006-02-15 21:30:53
329,2005-05-27 01:57:14,98,231,2005-05-31 04:19:14,2,2006-02-15 21:30:53
330,2005-05-27 02:15:30,749,248,2005-06-04 05:09:30,2,2006-02-15 21:30:53
331,2005-05-27 02:22:26,402,67,2005-06-05 00:25:26,1,2006-02-15 21:30:53
332,2005-05-27 02:27:10,901,299,2005-06-03 01:26:10,2,2006-02-15 21:30:53
333,2005-05-27 02:52:21,98,412,2005-06-01 00:55:21,2,2006-02-15 21:30:53
334,2005-05-27 03:03:07,226,194,2005-05-29 03:54:07,1,2006-02-15 21:30:53
335,2005-05-27 03:07:10,128,16,2005-06-05 00:15:10,2,2006-02-15 21:30:53
336,2005-05-27 03:15:23,36,275,2005-05-29 22:43:23,1,2006-02-15 21:30:53
337,2005-05-27 03:22:30,709,19,2005-06-02 03:27:30,1,2006-02-15 21:30:53
338,2005-05-27 03:42:52,98,165,2005-06-01 05:23:52,2,2006-02-15 21:30:53
339,2005-05-27 03:47:18,878,516,2005-06-04 05:46:18,2,2006-02-15 21:30:53
340,2005-05-27 03:55:25,345,209,2005-06-04 07:57:25,2,2006-02-15 21:30:53
341,2005-05-27 04:01:42,145,56,2005-06-05 08:51:42,1,2006-02-15 21:30:53
342,2005-05-27 04:11:04,318,539,2005-05-29 01:28:04,2,2006-02-15 21:30:53
343,2005-05-27 04:13:41,320,455,2005-05-28 08:34:41,1,2006-02-15 21:30:53
344,2005-05-27 04:30:22,868,236,2005-05-29 10:13:22,2,2006-02-15 21:30:53
345,2005-05-27 04:32:25,546,144,2005-05-31 09:50:25,1,2006-02-15 21:30:53
346,2005-05-27 04:34:41,581,14,2005-06-05 04:24:41,2,2006-02-15 21:30:53
347,2005-05-27 04:40:33,349,378,2005-05-28 09:56:33,2,2006-02-15 21:30:53
348,2005-05-27 04:50:56,446,473,2005-06-01 04:43:56,1,2006-02-15 21:30:53
349,2005-05-27 04:53:11,225,36,2005-05-28 06:33:11,2,2006-02-15 21:30:53
350,2005-05-27 05:01:28,158,9,2005-06-04 05:01:28,2,2006-02-15 21:30:53
351,2005-05-27 05:39:03,402,118,2005-06-01 11:10:03,1,2006-02-15 21:30:53
352,2005-05-27 05:48:19,210,157,2005-05-29 09:05:19,1,2006-02-15 21:30:53
353,2005-05-27 06:03:39,994,503,2005-06-03 04:39:39,2,2006-02-15 21:30:53
354,2005-05-27 06:12:26,683,452,2005-06-01 06:48:26,1,2006-02-15 21:30:53
355,2005-05-27 06:15:33,245,446,2005-06-01 02:50:33,2,2006-02-15 21:30:53
356,2005-05-27 06:32:30,66,382,2005-05-30 06:24:30,2,2006-02-15 21:30:53
357,2005-05-27 06:37:15,288,198,2005-05-30 07:04:15,2,2006-02-15 21:30:53
358,2005-05-27 06:43:59,940,102,2005-05-29 11:28:59,2,2006-02-15 21:30:53
359,2005-05-27 06:48:33,817,152,2005-05-29 03:55:33,1,2006-02-15 21:30:53
360,2005-05-27 06:51:14,905,594,2005-06-03 01:58:14,1,2006-02-15 21:30:53
361,2005-05-27 07:03:28,271,587,2005-05-31 08:01:28,1,2006-02-15 21:30:53
362,2005-05-27 07:10:25,783,147,2005-06-01 08:34:25,1,2006-02-15 21:30:53
363,2005-05-27 07:14:00,359,345,2005-05-28 12:22:00,2,2006-02-15 21:30:53
364,2005-05-27 07:20:12,594,430,2005-05-31 10:44:12,2,2006-02-15 21:30:53
365,2005-05-27 07:31:20,605,167,2005-06-04 04:46:20,1,2006-02-15 21:30:53
366,2005-05-27 07:33:54,873,134,2005-06-04 01:55:54,2,2006-02-15 21:30:53
367,2005-05-27 07:37:02,319,439,2005-05-30 05:43:02,2,2006-02-15 21:30:53
368,2005-05-27 07:42:29,157,361,2005-06-04 11:20:29,2,2006-02-15 21:30:53
369,2005-05-27 07:46:49,491,508,2005-06-01 06:20:49,2,2006-02-15 21:30:53
370,2005-05-27 07:49:43,969,22,2005-06-05 06:39:43,2,2006-02-15 21:30:53
371,2005-05-27 08:08:18,919,295,2005-06-05 03:05:18,2,2006-02-15 21:30:53
372,2005-05-27 08:13:58,801,510,2005-06-04 03:50:58,2,2006-02-15 21:30:53
373,2005-05-27 08:16:25,875,464,2005-06-01 11:41:25,1,2006-02-15 21:30:53
374,2005-05-27 08:26:30,715,337,2005-06-05 07:13:30,1,2006-02-15 21:30:53
375,2005-05-27 08:49:21,72,306,2005-06-04 14:11:21,1,2006-02-15 21:30:53
376,2005-05-27 08:58:15,251,542,2005-06-02 04:48:15,1,2006-02-15 21:30:53
377,2005-05-27 09:04:05,337,170,2005-06-02 03:36:05,2,2006-02-15 21:30:53
378,2005-05-27 09:23:22,852,53,2005-05-29 15:20:22,1,2006-02-15 21:30:53
379,2005-05-27 09:25:32,772,584,2005-06-02 06:19:32,1,2006-02-15 21:30:53
380,2005-05-27 09:34:39,246,176,2005-06-04 11:45:39,1,2006-02-15 21:30:53
381,2005-05-27 09:43:25,822,371,2005-05-31 12:00:25,1,2006-02-15 21:30:53
382,2005-05-27 10:12:00,586,183,2005-05-31 15:03:00,1,2006-02-15 21:30:53
383,2005-05-27 10:12:20,797,298,2005-06-03 10:37:20,1,2006-02-15 21:30:53
384,2005-05-27 10:18:20,311,371,2005-06-02 09:21:20,2,2006-02-15 21:30:53
385,2005-05-27 10:23:25,385,213,2005-05-30 15:27:25,2,2006-02-15 21:30:53
386,2005-05-27 10:26:31,780,109,2005-05-30 08:32:31,1,2006-02-15 21:30:53
387,2005-05-27 10:35:27,369,506,2005-06-01 13:37:27,2,2006-02-15 21:30:53
388,2005-05-27 10:37:27,542,28,2005-05-30 05:45:27,1,2006-02-15 21:30:53
389,2005-05-27 10:45:41,900,500,2005-06-05 06:22:41,2,2006-02-15 21:30:53
390,2005-05-27 11:02:26,813,48,2005-06-02 16:09:26,2,2006-02-15 21:30:53
391,2005-05-27 11:03:55,887,197,2005-06-01 11:59:55,2,2006-02-15 21:30:53
392,2005-05-27 11:14:42,516,359,2005-06-01 14:28:42,2,2006-02-15 21:30:53
393,2005-05-27 11:18:25,630,251,2005-05-28 07:10:25,2,2006-02-15 21:30:53
394,2005-05-27 11:26:11,30,274,2005-06-03 16:44:11,2,2006-02-15 21:30:53
395,2005-05-27 11:45:49,571,575,2005-05-31 13:42:49,1,2006-02-15 21:30:53
396,2005-05-27 11:47:04,377,112,2005-05-29 10:14:04,1,2006-02-15 21:30:53
397,2005-05-27 12:29:02,626,544,2005-05-28 17:36:02,2,2006-02-15 21:30:53
398,2005-05-27 12:44:03,663,422,2005-06-02 08:19:03,1,2006-02-15 21:30:53
399,2005-05-27 12:48:38,296,204,2005-05-29 15:27:38,1,2006-02-15 21:30:53
400,2005-05-27 12:51:44,770,249,2005-05-31 08:34:44,2,2006-02-15 21:30:53
401,2005-05-27 12:57:55,726,46,2005-05-29 17:55:55,2,2006-02-15 21:30:53
402,2005-05-27 13:17:18,341,354,2005-05-30 08:53:18,2,2006-02-15 21:30:53
403,2005-05-27 13:28:52,507,424,2005-05-29 11:47:52,2,2006-02-15 21:30:53
404,2005-05-27 13:31:51,330,168,2005-05-30 16:58:51,1,2006-02-15 21:30:53
405,2005-05-27 13:32:39,342,272,2005-06-05 18:53:39,2,2006-02-15 21:30:53
406,2005-05-27 13:46:46,300,381,2005-05-30 12:43:46,1,2006-02-15 21:30:53
407,2005-05-27 13:57:38,758,44,2005-05-31 18:23:38,1,2006-02-15 21:30:53
408,2005-05-27 13:57:39,510,84,2005-05-28 11:57:39,1,2006-02-15 21:30:53
409,2005-05-27 14:10:58,862,220,2005-06-02 10:40:58,2,2006-02-15 21:30:53
410,2005-05-27 14:11:22,665,506,2005-06-02 20:06:22,2,2006-02-15 21:30:53
411,2005-05-27 14:14:14,178,388,2005-06-03 17:39:14,1,2006-02-15 21:30:53
412,2005-05-27 14:17:23,1,375,2005-05-29 15:07:23,2,2006-02-15 21:30:53
413,2005-05-27 14:45:37,166,307,2005-06-03 11:11:37,1,2006-02-15 21:30:53
414,2005-05-27 14:48:20,780,219,2005-05-31 14:39:20,2,2006-02-15 21:30:53
415,2005-05-27 14:51:45,505,304,2005-05-28 19:07:45,2,2006-02-15 21:30:53
416,2005-05-27 15:02:10,242,222,2005-05-29 10:34:10,2,2006-02-15 21:30:53
417,2005-05-27 15:07:27,482,475,2005-05-29 20:01:27,2,2006-02-15 21:30:53
418,2005-05-27 15:13:17,998,151,2005-06-04 12:05:17,2,2006-02-15 21:30:53
419,2005-05-27 15:15:11,514,77,2005-06-02 11:53:11,1,2006-02-15 21:30:53
420,2005-05-27 15:19:38,546,93,2005-06-03 15:07:38,2,2006-02-15 21:30:53
421,2005-05-27 15:30:13,272,246,2005-06-04 13:19:13,2,2006-02-15 21:30:53
422,2005-05-27 15:31:55,805,150,2005-06-01 11:47:55,2,2006-02-15 21:30:53
423,2005-05-27 15:32:57,11,284,2005-06-02 19:03:57,1,2006-02-15 21:30:53
424,2005-05-27 15:34:01,84,35,2005-06-05 09:44:01,1,2006-02-15 21:30:53
425,2005-05-27 15:51:30,541,182,2005-06-03 16:52:30,2,2006-02-15 21:30:53
426,2005-05-27 15:56:57,865,522,2005-06-05 11:45:57,1,2006-02-15 21:30:53
427,2005-05-27 16:10:04,992,288,2005-06-05 13:22:04,2,2006-02-15 21:30:53
428,2005-05-27 16:10:58,629,161,2005-05-31 17:24:58,2,2006-02-15 21:30:53
429,2005-05-27 16:21:26,519,498,2005-06-05 20:23:26,2,2006-02-15 21:30:53
430,2005-05-27 16:22:10,684,190,2005-06-05 13:10:10,1,2006-02-15 21:30:53
431,2005-05-27 16:31:05,212,334,2005-06-05 11:29:05,1,2006-02-15 21:30:53
432,2005-05-27 16:40:29,62,46,2005-05-29 16:20:29,1,2006-02-15 21:30:53
433,2005-05-27 16:40:40,872,574,2005-05-30 19:55:40,2,2006-02-15 21:30:53
434,2005-05-27 16:54:27,439,246,2005-06-04 22:26:27,1,2006-02-15 21:30:53
435,2005-05-27 17:17:09,267,3,2005-06-02 11:20:09,2,2006-02-15 21:30:53
436,2005-05-27 17:21:04,642,267,2005-05-30 21:26:04,2,2006-02-15 21:30:53
437,2005-05-27 17:47:22,103,525,2005-06-05 14:22:22,2,2006-02-15 21:30:53
438,2005-05-27 17:52:34,743,249,2005-06-05 22:23:34,2,2006-02-15 21:30:53
439,2005-05-27 17:54:48,395,319,2005-06-02 23:01:48,2,2006-02-15 21:30:53
440,2005-05-27 18:00:35,553,314,2005-05-29 16:15:35,1,2006-02-15 21:30:53
441,2005-05-27 18:11:05,40,54,2005-05-30 22:45:05,1,2006-02-15 21:30:53
442,2005-05-27 18:12:13,480,403,2005-05-30 12:30:13,2,2006-02-15 21:30:53
443,2005-05-27 18:35:20,147,547,2005-06-04 18:58:20,1,2006-02-15 21:30:53
444,2005-05-27 18:39:15,546,239,2005-06-01 15:56:15,1,2006-02-15 21:30:53
445,2005-05-27 18:42:57,514,293,2005-05-30 22:35:57,2,2006-02-15 21:30:53
446,2005-05-27 18:48:41,735,401,2005-06-03 16:42:41,2,2006-02-15 21:30:53
447,2005-05-27 18:57:02,108,133,2005-06-05 18:38:02,1,2006-02-15 21:30:53
448,2005-05-27 19:03:08,704,247,2005-06-03 20:28:08,2,2006-02-15 21:30:53
449,2005-05-27 19:13:15,52,172,2005-06-04 01:08:15,2,2006-02-15 21:30:53
450,2005-05-27 19:18:54,323,247,2005-06-05 23:52:54,1,2006-02-15 21:30:53
451,2005-05-27 19:27:54,376,87,2005-05-29 01:07:54,2,2006-02-15 21:30:53
452,2005-05-27 19:30:33,532,127,2005-05-30 20:53:33,2,2006-02-15 21:30:53
453,2005-05-27 19:31:16,687,529,2005-05-29 23:06:16,1,2006-02-15 21:30:53
454,2005-05-27 19:31:36,112,575,2005-05-30 15:46:36,1,2006-02-15 21:30:53
455,2005-05-27 19:43:29,334,343,2005-06-04 23:40:29,2,2006-02-15 21:30:53
456,2005-05-27 19:50:06,777,92,2005-06-02 22:14:06,1,2006-02-15 21:30:53
457,2005-05-27 19:52:29,978,300,2005-06-02 17:17:29,2,2006-02-15 21:30:53
458,2005-05-27 19:58:36,218,565,2005-06-06 00:51:36,1,2006-02-15 21:30:53
459,2005-05-27 20:00:04,362,468,2005-05-29 22:47:04,1,2006-02-15 21:30:53
460,2005-05-27 20:02:03,279,240,2005-05-28 16:14:03,1,2006-02-15 21:30:53
461,2005-05-27 20:08:55,654,447,2005-06-01 14:32:55,1,2006-02-15 21:30:53
462,2005-05-27 20:10:36,410,364,2005-06-03 21:12:36,2,2006-02-15 21:30:53
463,2005-05-27 20:11:47,848,21,2005-06-04 21:18:47,1,2006-02-15 21:30:53
464,2005-05-27 20:42:44,931,193,2005-05-30 00:49:44,2,2006-02-15 21:30:53
465,2005-05-27 20:44:36,685,261,2005-06-02 02:43:36,1,2006-02-15 21:30:53
466,2005-05-27 20:57:07,58,442,2005-05-29 15:52:07,1,2006-02-15 21:30:53
467,2005-05-27 21:10:03,367,557,2005-06-01 16:08:03,1,2006-02-15 21:30:53
468,2005-05-27 21:13:10,503,101,2005-06-04 15:26:10,2,2006-02-15 21:30:53
469,2005-05-27 21:14:26,998,154,2005-06-05 21:51:26,1,2006-02-15 21:30:53
470,2005-05-27 21:17:08,24,504,2005-06-04 17:47:08,1,2006-02-15 21:30:53
471,2005-05-27 21:32:42,792,209,2005-05-31 00:39:42,2,2006-02-15 21:30:53
472,2005-05-27 21:36:15,327,528,2005-05-29 21:07:15,1,2006-02-15 21:30:53
473,2005-05-27 21:36:34,913,105,2005-06-05 17:02:34,1,2006-02-15 21:30:53
474,2005-05-27 22:11:56,491,274,2005-05-31 19:07:56,1,2006-02-15 21:30:53
475,2005-05-27 22:16:26,58,159,2005-05-28 19:58:26,1,2006-02-15 21:30:53
476,2005-05-27 22:31:36,176,543,2005-06-03 19:12:36,1,2006-02-15 21:30:53
477,2005-05-27 22:33:33,916,161,2005-06-02 18:35:33,2,2006-02-15 21:30:53
478,2005-05-27 22:38:20,704,557,2005-05-31 18:39:20,2,2006-02-15 21:30:53
479,2005-05-27 22:39:10,77,231,2005-06-05 22:46:10,2,2006-02-15 21:30:53
480,2005-05-27 22:47:39,81,220,2005-06-04 21:17:39,2,2006-02-15 21:30:53
481,2005-05-27 22:49:27,97,445,2005-05-30 17:46:27,2,2006-02-15 21:30:53
482,2005-05-27 22:53:02,143,546,2005-06-01 22:53:02,2,2006-02-15 21:30:53
483,2005-05-27 23:00:25,220,32,2005-05-28 21:30:25,1,2006-02-15 21:30:53
484,2005-05-27 23:26:45,415,491,2005-05-29 21:16:45,2,2006-02-15 21:30:53
485,2005-05-27 23:40:52,762,105,2005-05-28 22:40:52,2,2006-02-15 21:30:53
486,2005-05-27 23:51:12,856,398,2005-05-28 20:26:12,1,2006-02-15 21:30:53
487,2005-05-28 00:00:30,632,569,2005-05-28 19:18:30,2,2006-02-15 21:30:53
488,2005-05-28 00:07:50,946,168,2005-06-03 22:30:50,2,2006-02-15 21:30:53
489,2005-05-28 00:09:12,540,476,2005-05-31 04:44:12,2,2006-02-15 21:30:53
490,2005-05-28 00:09:56,654,95,2005-05-30 22:32:56,2,2006-02-15 21:30:53
491,2005-05-28 00:13:35,463,196,2005-05-29 00:11:35,2,2006-02-15 21:30:53
492,2005-05-28 00:24:58,487,228,2005-05-28 22:34:58,1,2006-02-15 21:30:53
493,2005-05-28 00:34:11,579,501,2005-05-30 18:40:11,1,2006-02-15 21:30:53
494,2005-05-28 00:39:31,908,64,2005-06-02 19:35:31,1,2006-02-15 21:30:53
495,2005-05-28 00:40:48,419,526,2005-05-29 06:07:48,1,2006-02-15 21:30:53
496,2005-05-28 00:43:41,269,56,2005-06-04 03:56:41,1,2006-02-15 21:30:53
497,2005-05-28 00:54:39,151,20,2005-06-03 20:47:39,2,2006-02-15 21:30:53
498,2005-05-28 01:01:21,762,287,2005-05-30 21:20:21,2,2006-02-15 21:30:53
499,2005-05-28 01:05:07,756,199,2005-06-05 19:54:07,2,2006-02-15 21:30:53
500,2005-05-28 01:05:25,113,145,2005-05-31 20:04:25,1,2006-02-15 21:30:53
501,2005-05-28 01:09:36,694,162,2005-05-30 06:14:36,2,2006-02-15 21:30:53
502,2005-05-28 01:34:43,983,179,2005-05-31 01:02:43,2,2006-02-15 21:30:53
503,2005-05-28 01:35:25,73,288,2005-05-28 22:12:25,2,2006-02-15 21:30:53
504,2005-05-28 02:05:34,816,170,2005-05-30 23:03:34,1,2006-02-15 21:30:53
505,2005-05-28 02:06:37,201,111,2005-05-29 06:57:37,1,2006-02-15 21:30:53
506,2005-05-28 02:09:19,78,469,2005-06-05 20:34:19,1,2006-02-15 21:30:53
507,2005-05-28 02:31:19,535,421,2005-06-02 05:07:19,2,2006-02-15 21:30:53
508,2005-05-28 02:40:50,812,434,2005-06-05 03:05:50,1,2006-02-15 21:30:53
509,2005-05-28 02:51:12,379,147,2005-05-31 06:27:12,1,2006-02-15 21:30:53
510,2005-05-28 02:52:14,453,113,2005-05-30 21:20:14,2,2006-02-15 21:30:53
511,2005-05-28 03:04:04,132,296,2005-06-03 04:58:04,1,2006-02-15 21:30:53
512,2005-05-28 03:07:50,928,231,2005-06-05 02:12:50,2,2006-02-15 21:30:53
513,2005-05-28 03:08:10,667,489,2005-05-29 07:22:10,1,2006-02-15 21:30:53
514,2005-05-28 03:09:28,155,597,2005-06-05 00:49:28,2,2006-02-15 21:30:53
515,2005-05-28 03:10:10,246,110,2005-06-04 02:18:10,2,2006-02-15 21:30:53
516,2005-05-28 03:11:47,936,400,2005-06-04 02:19:47,1,2006-02-15 21:30:53
517,2005-05-28 03:17:57,782,403,2005-05-29 06:33:57,1,2006-02-15 21:30:53
518,2005-05-28 03:18:02,973,480,2005-05-30 05:32:02,1,2006-02-15 21:30:53
519,2005-05-28 03:22:33,901,245,2005-06-03 05:06:33,1,2006-02-15 21:30:53
520,2005-05-28 03:27:37,872,161,2005-06-04 05:47:37,1,2006-02-15 21:30:53
521,2005-05-28 03:32:22,307,374,2005-05-28 22:37:22,1,2006-02-15 21:30:53
522,2005-05-28 03:33:20,657,382,2005-05-31 04:23:20,1,2006-02-15 21:30:53
523,2005-05-28 03:53:26,498,138,2005-05-31 05:58:26,2,2006-02-15 21:30:53
524,2005-05-28 03:57:28,531,223,2005-05-31 05:20:28,1,2006-02-15 21:30:53
525,2005-05-28 04:25:33,526,14,2005-06-06 04:18:33,1,2006-02-15 21:30:53
526,2005-05-28 04:27:37,692,408,2005-05-30 07:52:37,1,2006-02-15 21:30:53
527,2005-05-28 04:28:38,746,169,2005-06-02 08:19:38,1,2006-02-15 21:30:53
528,2005-05-28 04:30:05,540,359,2005-06-03 10:01:05,2,2006-02-15 21:30:53
529,2005-05-28 04:34:17,634,469,2005-05-30 00:35:17,1,2006-02-15 21:30:53
530,2005-05-28 05:13:01,517,312,2005-06-01 10:21:01,2,2006-02-15 21:30:53
531,2005-05-28 05:23:38,22,589,2005-05-29 08:00:38,2,2006-02-15 21:30:53
532,2005-05-28 05:36:58,950,120,2005-06-02 01:50:58,1,2006-02-15 21:30:53
533,2005-05-28 06:14:46,715,528,2005-06-01 06:26:46,2,2006-02-15 21:30:53
534,2005-05-28 06:15:25,705,184,2005-06-06 07:51:25,1,2006-02-15 21:30:53
535,2005-05-28 06:16:32,366,307,2005-05-31 02:48:32,1,2006-02-15 21:30:53
536,2005-05-28 06:17:33,224,514,2005-06-03 10:02:33,2,2006-02-15 21:30:53
537,2005-05-28 06:20:55,620,315,2005-06-05 11:48:55,2,2006-02-15 21:30:53
538,2005-05-28 06:21:05,720,110,2005-06-02 01:22:05,2,2006-02-15 21:30:53
539,2005-05-28 06:26:16,786,161,2005-05-30 02:02:16,1,2006-02-15 21:30:53
540,2005-05-28 06:40:25,420,119,2005-06-06 00:47:25,1,2006-02-15 21:30:53
541,2005-05-28 06:41:58,176,535,2005-06-02 09:12:58,2,2006-02-15 21:30:53
542,2005-05-28 06:42:13,843,261,2005-06-03 09:05:13,1,2006-02-15 21:30:53
543,2005-05-28 06:43:34,829,493,2005-06-06 07:16:34,2,2006-02-15 21:30:53
544,2005-05-28 07:03:00,823,311,2005-06-06 06:23:00,1,2006-02-15 21:30:53
545,2005-05-28 07:10:20,951,54,2005-06-04 01:47:20,2,2006-02-15 21:30:53
546,2005-05-28 07:16:25,941,20,2005-06-01 08:36:25,1,2006-02-15 21:30:53
547,2005-05-28 07:24:28,15,506,2005-06-06 01:31:28,2,2006-02-15 21:30:53
548,2005-05-28 07:34:56,111,450,2005-06-05 03:14:56,2,2006-02-15 21:30:53
549,2005-05-28 07:35:37,882,159,2005-06-02 09:08:37,1,2006-02-15 21:30:53
550,2005-05-28 07:39:16,195,432,2005-06-06 12:20:16,2,2006-02-15 21:30:53
551,2005-05-28 07:44:18,956,315,2005-06-02 12:55:18,2,2006-02-15 21:30:53
552,2005-05-28 07:53:38,462,106,2005-06-04 12:45:38,2,2006-02-15 21:30:53
553,2005-05-28 08:14:44,246,176,2005-06-02 03:01:44,2,2006-02-15 21:30:53
554,2005-05-28 08:23:16,833,376,2005-05-31 03:29:16,2,2006-02-15 21:30:53
555,2005-05-28 08:31:14,436,55,2005-05-30 07:34:14,2,2006-02-15 21:30:53
556,2005-05-28 08:31:36,902,22,2005-06-06 07:29:36,2,2006-02-15 21:30:53
557,2005-05-28 08:36:22,575,444,2005-06-03 10:42:22,2,2006-02-15 21:30:53
558,2005-05-28 08:38:43,701,442,2005-06-06 13:52:43,1,2006-02-15 21:30:53
559,2005-05-28 08:39:02,591,572,2005-06-05 08:38:02,2,2006-02-15 21:30:53
560,2005-05-28 08:53:02,338,463,2005-06-04 12:27:02,2,2006-02-15 21:30:53
561,2005-05-28 08:54:06,536,77,2005-06-05 05:54:06,1,2006-02-15 21:30:53
562,2005-05-28 09:01:21,762,102,2005-06-02 05:26:21,2,2006-02-15 21:30:53
563,2005-05-28 09:10:49,404,324,2005-06-06 11:32:49,1,2006-02-15 21:30:53
564,2005-05-28 09:12:09,993,282,2005-05-29 05:07:09,1,2006-02-15 21:30:53
565,2005-05-28 09:26:31,103,288,2005-06-01 07:28:31,1,2006-02-15 21:30:53
566,2005-05-28 09:51:39,785,253,2005-06-05 09:35:39,1,2006-02-15 21:30:53
567,2005-05-28 09:56:20,309,184,2005-06-01 06:41:20,2,2006-02-15 21:30:53
568,2005-05-28 09:57:36,934,155,2005-05-31 15:44:36,1,2006-02-15 21:30:53
569,2005-05-28 10:12:41,22,56,2005-06-03 10:08:41,2,2006-02-15 21:30:53
570,2005-05-28 10:15:04,159,21,2005-05-30 08:32:04,1,2006-02-15 21:30:53
571,2005-05-28 10:17:41,103,516,2005-06-05 07:56:41,1,2006-02-15 21:30:53
572,2005-05-28 10:30:13,634,337,2005-06-02 05:04:13,2,2006-02-15 21:30:53
573,2005-05-28 10:35:23,434,1,2005-06-03 06:32:23,1,2006-02-15 21:30:53
574,2005-05-28 10:44:28,321,76,2005-06-04 11:42:28,1,2006-02-15 21:30:53
575,2005-05-28 10:56:09,395,142,2005-06-05 15:39:09,1,2006-02-15 21:30:53
576,2005-05-28 10:56:10,853,588,2005-06-04 13:15:10,2,2006-02-15 21:30:53
577,2005-05-28 11:09:14,731,6,2005-06-01 13:27:14,2,2006-02-15 21:30:53
578,2005-05-28 11:15:48,614,173,2005-06-02 09:59:48,1,2006-02-15 21:30:53
579,2005-05-28 11:19:23,211,181,2005-06-02 13:51:23,1,2006-02-15 21:30:53
580,2005-05-28 11:19:53,130,17,2005-06-01 10:44:53,2,2006-02-15 21:30:53
581,2005-05-28 11:20:29,411,186,2005-06-04 12:37:29,2,2006-02-15 21:30:53
582,2005-05-28 11:33:46,456,198,2005-05-29 08:33:46,1,2006-02-15 21:30:53
583,2005-05-28 11:48:55,52,386,2005-06-04 07:09:55,2,2006-02-15 21:30:53
584,2005-05-28 11:49:00,117,69,2005-06-01 11:54:00,1,2006-02-15 21:30:53
585,2005-05-28 11:50:45,481,490,2005-06-03 15:35:45,2,2006-02-15 21:30:53
586,2005-05-28 12:03:00,848,77,2005-05-29 13:16:00,1,2006-02-15 21:30:53
587,2005-05-28 12:05:33,742,64,2005-05-30 13:45:33,2,2006-02-15 21:30:53
588,2005-05-28 12:08:37,738,89,2005-05-29 16:25:37,2,2006-02-15 21:30:53
589,2005-05-28 12:27:50,925,308,2005-06-03 07:15:50,2,2006-02-15 21:30:53
590,2005-05-28 13:06:50,570,462,2005-06-02 09:18:50,1,2006-02-15 21:30:53
591,2005-05-28 13:11:04,187,19,2005-05-29 17:20:04,2,2006-02-15 21:30:53
592,2005-05-28 13:21:08,895,244,2005-05-29 16:55:08,1,2006-02-15 21:30:53
593,2005-05-28 13:33:23,194,16,2005-05-30 17:10:23,2,2006-02-15 21:30:53
594,2005-05-28 13:41:56,140,538,2005-05-30 12:00:56,1,2006-02-15 21:30:53
595,2005-05-28 13:59:54,350,294,2005-06-05 15:16:54,1,2006-02-15 21:30:53
596,2005-05-28 14:00:03,131,589,2005-05-29 17:10:03,1,2006-02-15 21:30:53
597,2005-05-28 14:01:02,853,249,2005-06-06 19:06:02,2,2006-02-15 21:30:53
598,2005-05-28 14:04:50,389,159,2005-06-03 18:00:50,2,2006-02-15 21:30:53
599,2005-05-28 14:05:57,11,393,2005-06-01 16:41:57,2,2006-02-15 21:30:53
600,2005-05-28 14:08:19,157,332,2005-06-03 11:57:19,2,2006-02-15 21:30:53
601,2005-05-28 14:08:22,111,429,2005-06-04 10:50:22,1,2006-02-15 21:30:53
602,2005-05-28 14:15:54,63,590,2005-06-05 15:16:54,2,2006-02-15 21:30:53
603,2005-05-28 14:27:51,502,537,2005-05-29 13:13:51,1,2006-02-15 21:30:53
604,2005-05-28 14:37:07,735,426,2005-06-03 11:03:07,2,2006-02-15 21:30:53
605,2005-05-28 14:39:10,430,501,2005-06-01 09:28:10,2,2006-02-15 21:30:53
606,2005-05-28 14:48:39,313,299,2005-06-04 09:44:39,2,2006-02-15 21:30:53
607,2005-05-28 15:02:41,770,554,2005-05-30 12:54:41,2,2006-02-15 21:30:53
608,2005-05-28 15:03:44,595,494,2005-06-04 17:14:44,2,2006-02-15 21:30:53
609,2005-05-28 15:04:02,966,150,2005-06-05 14:47:02,2,2006-02-15 21:30:53
610,2005-05-28 15:15:25,178,500,2005-06-02 12:30:25,2,2006-02-15 21:30:53
611,2005-05-28 15:18:18,361,580,2005-05-31 20:15:18,2,2006-02-15 21:30:53
612,2005-05-28 15:24:54,735,161,2005-05-30 14:22:54,2,2006-02-15 21:30:53
613,2005-05-28 15:27:22,97,595,2005-06-02 20:01:22,1,2006-02-15 21:30:53
614,2005-05-28 15:33:28,411,307,2005-06-04 12:27:28,2,2006-02-15 21:30:53
615,2005-05-28 15:35:52,126,533,2005-06-03 17:35:52,2,2006-02-15 21:30:53
616,2005-05-28 15:45:39,558,471,2005-06-02 09:55:39,1,2006-02-15 21:30:53
617,2005-05-28 15:49:14,611,372,2005-05-31 14:29:14,2,2006-02-15 21:30:53
618,2005-05-28 15:50:07,470,248,2005-06-01 19:45:07,1,2006-02-15 21:30:53
619,2005-05-28 15:52:26,210,407,2005-06-06 17:55:26,2,2006-02-15 21:30:53
620,2005-05-28 15:54:45,872,321,2005-06-04 20:26:45,1,2006-02-15 21:30:53
621,2005-05-28 15:58:12,59,239,2005-05-30 21:54:12,1,2006-02-15 21:30:53
622,2005-05-28 15:58:22,8,109,2005-06-04 10:13:22,1,2006-02-15 21:30:53
623,2005-05-28 16:01:28,814,495,2005-05-30 11:19:28,1,2006-02-15 21:30:53
624,2005-05-28 16:13:22,273,569,2005-06-06 20:35:22,1,2006-02-15 21:30:53
625,2005-05-28 16:35:46,406,596,2005-06-01 14:19:46,1,2006-02-15 21:30:53
626,2005-05-28 16:58:09,647,584,2005-06-01 14:02:09,2,2006-02-15 21:30:53
627,2005-05-28 17:04:43,23,241,2005-06-04 19:58:43,2,2006-02-15 21:30:53
628,2005-05-28 17:05:46,835,173,2005-06-06 16:29:46,2,2006-02-15 21:30:53
629,2005-05-28 17:19:15,730,94,2005-06-02 20:01:15,2,2006-02-15 21:30:53
630,2005-05-28 17:24:51,376,417,2005-06-05 20:05:51,2,2006-02-15 21:30:53
631,2005-05-28 17:36:32,532,503,2005-06-03 14:56:32,2,2006-02-15 21:30:53
632,2005-05-28 17:37:50,152,442,2005-06-03 16:04:50,1,2006-02-15 21:30:53
633,2005-05-28 17:37:59,875,360,2005-06-03 22:49:59,2,2006-02-15 21:30:53
634,2005-05-28 17:40:35,659,428,2005-06-05 16:18:35,2,2006-02-15 21:30:53
635,2005-05-28 17:46:57,5,42,2005-06-06 18:24:57,1,2006-02-15 21:30:53
636,2005-05-28 17:47:58,611,239,2005-06-04 16:32:58,1,2006-02-15 21:30:53
637,2005-05-28 18:14:29,471,250,2005-05-29 23:48:29,2,2006-02-15 21:30:53
638,2005-05-28 18:24:43,222,372,2005-06-02 19:03:43,2,2006-02-15 21:30:53
639,2005-05-28 18:25:02,956,198,2005-05-29 18:22:02,1,2006-02-15 21:30:53
640,2005-05-28 18:43:26,380,465,2005-05-30 13:39:26,1,2006-02-15 21:30:53
641,2005-05-28 18:45:47,719,396,2005-06-04 15:24:47,1,2006-02-15 21:30:53
642,2005-05-28 18:49:12,131,157,2005-06-01 20:50:12,2,2006-02-15 21:30:53
643,2005-05-28 18:52:11,722,240,2005-05-31 15:15:11,2,2006-02-15 21:30:53
644,2005-05-28 18:59:12,819,316,2005-06-04 18:06:12,1,2006-02-15 21:30:53
645,2005-05-28 19:14:09,525,505,2005-06-05 14:01:09,1,2006-02-15 21:30:53
646,2005-05-28 19:16:14,85,185,2005-05-31 16:50:14,2,2006-02-15 21:30:53
647,2005-05-28 19:22:52,150,569,2005-06-01 00:10:52,1,2006-02-15 21:30:53
648,2005-05-28 19:25:54,634,253,2005-06-03 15:57:54,2,2006-02-15 21:30:53
649,2005-05-28 19:35:45,307,197,2005-06-05 16:00:45,1,2006-02-15 21:30:53
650,2005-05-28 19:45:40,156,281,2005-05-29 21:02:40,1,2006-02-15 21:30:53
651,2005-05-28 19:46:50,103,266,2005-05-30 16:29:50,1,2006-02-15 21:30:53
652,2005-05-28 20:08:47,783,43,2005-05-29 14:57:47,2,2006-02-15 21:30:53
653,2005-05-28 20:12:20,243,327,2005-06-04 14:44:20,2,2006-02-15 21:30:53
654,2005-05-28 20:15:30,690,23,2005-05-30 22:02:30,2,2006-02-15 21:30:53
655,2005-05-28 20:16:20,59,287,2005-05-31 16:46:20,2,2006-02-15 21:30:53
656,2005-05-28 20:18:24,683,437,2005-05-30 16:19:24,1,2006-02-15 21:30:53
657,2005-05-28 20:23:09,180,65,2005-06-01 02:11:09,1,2006-02-15 21:30:53
658,2005-05-28 20:23:23,378,103,2005-06-06 19:31:23,2,2006-02-15 21:30:53
659,2005-05-28 20:27:53,567,207,2005-05-31 01:36:53,2,2006-02-15 21:30:53
660,2005-05-28 20:53:31,556,578,2005-05-30 15:26:31,1,2006-02-15 21:30:53
661,2005-05-28 21:01:25,915,51,2005-06-02 01:22:25,2,2006-02-15 21:30:53
662,2005-05-28 21:09:31,362,166,2005-06-01 19:00:31,2,2006-02-15 21:30:53
663,2005-05-28 21:23:02,237,176,2005-06-02 17:39:02,2,2006-02-15 21:30:53
664,2005-05-28 21:31:08,519,523,2005-06-02 20:56:08,2,2006-02-15 21:30:53
665,2005-05-28 21:38:39,928,415,2005-05-29 21:37:39,1,2006-02-15 21:30:53
666,2005-05-28 21:48:51,921,437,2005-06-05 16:45:51,2,2006-02-15 21:30:53
667,2005-05-28 21:49:02,60,596,2005-05-31 03:07:02,1,2006-02-15 21:30:53
668,2005-05-28 21:54:45,73,484,2005-05-29 22:32:45,1,2006-02-15 21:30:53
669,2005-05-28 22:03:25,921,313,2005-06-03 03:39:25,1,2006-02-15 21:30:53
670,2005-05-28 22:04:03,737,201,2005-06-06 22:43:03,2,2006-02-15 21:30:53
671,2005-05-28 22:04:30,425,14,2005-06-03 01:21:30,2,2006-02-15 21:30:53
672,2005-05-28 22:05:29,253,306,2005-06-06 02:10:29,2,2006-02-15 21:30:53
673,2005-05-28 22:07:30,366,468,2005-06-01 23:42:30,1,2006-02-15 21:30:53
674,2005-05-28 22:11:35,380,87,2005-06-01 23:58:35,2,2006-02-15 21:30:53
675,2005-05-28 22:22:44,262,338,2005-06-01 02:57:44,2,2006-02-15 21:30:53
676,2005-05-28 22:27:51,103,490,2005-05-29 20:36:51,2,2006-02-15 21:30:53
677,2005-05-28 23:00:08,164,194,2005-06-05 19:11:08,2,2006-02-15 21:30:53
678,2005-05-28 23:15:48,679,269,2005-06-03 04:43:48,2,2006-02-15 21:30:53
679,2005-05-28 23:24:57,735,526,2005-06-06 21:59:57,2,2006-02-15 21:30:53
680,2005-05-28 23:27:26,302,482,2005-06-02 02:28:26,2,2006-02-15 21:30:53
681,2005-05-28 23:39:44,614,531,2005-06-01 01:42:44,1,2006-02-15 21:30:53
682,2005-05-28 23:53:18,812,148,2005-05-29 19:14:18,2,2006-02-15 21:30:53
683,2005-05-29 00:09:48,390,197,2005-06-02 04:27:48,1,2006-02-15 21:30:53
684,2005-05-29 00:13:15,533,461,2005-06-04 21:26:15,2,2006-02-15 21:30:53
685,2005-05-29 00:17:51,401,172,2005-06-05 05:32:51,2,2006-02-15 21:30:53
686,2005-05-29 00:27:10,350,411,2005-05-30 02:29:10,1,2006-02-15 21:30:53
687,2005-05-29 00:32:09,343,250,2005-05-31 23:53:09,1,2006-02-15 21:30:53
688,2005-05-29 00:45:24,45,162,2005-06-02 01:30:24,1,2006-02-15 21:30:53
689,2005-05-29 00:46:53,761,571,2005-06-03 23:48:53,2,2006-02-15 21:30:53
690,2005-05-29 00:54:53,688,85,2005-06-06 00:45:53,1,2006-02-15 21:30:53
691,2005-05-29 01:01:26,696,433,2005-06-07 06:21:26,1,2006-02-15 21:30:53
692,2005-05-29 01:32:10,849,18,2005-06-02 03:54:10,2,2006-02-15 21:30:53
693,2005-05-29 01:42:31,182,190,2005-06-03 02:29:31,2,2006-02-15 21:30:53
694,2005-05-29 01:49:43,462,399,2005-06-05 06:52:43,1,2006-02-15 21:30:53
695,2005-05-29 01:50:53,483,528,2005-06-03 02:28:53,1,2006-02-15 21:30:53
696,2005-05-29 01:59:10,365,19,2005-06-01 02:45:10,1,2006-02-15 21:30:53
697,2005-05-29 02:04:04,903,387,2005-06-04 00:47:04,2,2006-02-15 21:30:53
698,2005-05-29 02:10:52,822,109,2005-06-01 21:52:52,1,2006-02-15 21:30:53
699,2005-05-29 02:11:44,778,246,2005-06-04 20:23:44,2,2006-02-15 21:30:53
700,2005-05-29 02:18:54,987,117,2005-05-30 05:54:54,1,2006-02-15 21:30:53
701,2005-05-29 02:26:27,767,112,2005-06-03 04:59:27,1,2006-02-15 21:30:53
702,2005-05-29 02:27:30,273,475,2005-05-30 01:52:30,2,2006-02-15 21:30:53
703,2005-05-29 02:29:36,190,269,2005-06-03 04:54:36,2,2006-02-15 21:30:53
704,2005-05-29 02:44:43,116,330,2005-06-06 01:51:43,2,2006-02-15 21:30:53
705,2005-05-29 02:48:52,445,257,2005-05-30 06:21:52,1,2006-02-15 21:30:53
706,2005-05-29 03:05:49,543,60,2005-06-04 22:48:49,1,2006-02-15 21:30:53
707,2005-05-29 03:18:19,564,252,2005-05-30 02:45:19,1,2006-02-15 21:30:53
708,2005-05-29 03:23:47,33,127,2005-05-31 21:27:47,2,2006-02-15 21:30:53
709,2005-05-29 03:48:01,819,479,2005-06-06 05:21:01,1,2006-02-15 21:30:53
710,2005-05-29 03:48:36,681,518,2005-06-03 05:03:36,1,2006-02-15 21:30:53
711,2005-05-29 03:49:03,219,215,2005-05-31 08:29:03,2,2006-02-15 21:30:53
712,2005-05-29 04:02:24,96,313,2005-05-30 03:09:24,2,2006-02-15 21:30:53
713,2005-05-29 04:10:17,554,507,2005-06-07 07:13:17,1,2006-02-15 21:30:53
714,2005-05-29 04:15:21,498,452,2005-06-01 23:05:21,2,2006-02-15 21:30:53
715,2005-05-29 04:22:41,275,545,2005-06-05 09:28:41,1,2006-02-15 21:30:53
716,2005-05-29 04:35:29,958,36,2005-06-01 07:42:29,2,2006-02-15 21:30:53
717,2005-05-29 04:37:44,998,412,2005-05-30 05:48:44,2,2006-02-15 21:30:53
718,2005-05-29 04:52:23,429,498,2005-06-02 02:27:23,1,2006-02-15 21:30:53
719,2005-05-29 05:16:05,883,245,2005-06-01 07:53:05,2,2006-02-15 21:30:53
720,2005-05-29 05:17:30,263,480,2005-06-06 02:47:30,2,2006-02-15 21:30:53
721,2005-05-29 05:28:47,584,44,2005-05-31 11:24:47,1,2006-02-15 21:30:53
722,2005-05-29 05:30:31,508,259,2005-06-06 04:51:31,1,2006-02-15 21:30:53
723,2005-05-29 05:34:44,713,309,2005-05-30 05:50:44,1,2006-02-15 21:30:53
724,2005-05-29 05:53:23,925,416,2005-06-05 04:01:23,2,2006-02-15 21:30:53
725,2005-05-29 06:03:41,970,245,2005-06-03 08:52:41,2,2006-02-15 21:30:53
726,2005-05-29 06:05:29,706,452,2005-06-05 04:40:29,2,2006-02-15 21:30:53
727,2005-05-29 06:08:15,496,484,2005-05-30 07:16:15,1,2006-02-15 21:30:53
728,2005-05-29 06:12:38,394,551,2005-06-03 07:41:38,1,2006-02-15 21:30:53
729,2005-05-29 06:35:13,874,323,2005-06-04 03:23:13,2,2006-02-15 21:30:53
730,2005-05-29 07:00:59,805,197,2005-06-06 01:17:59,1,2006-02-15 21:30:53
731,2005-05-29 07:25:16,912,5,2005-05-30 05:21:16,1,2006-02-15 21:30:53
732,2005-05-29 07:32:51,450,447,2005-05-30 10:08:51,2,2006-02-15 21:30:53
733,2005-05-29 07:35:21,263,363,2005-06-05 09:14:21,1,2006-02-15 21:30:53
734,2005-05-29 07:38:52,117,538,2005-06-03 10:17:52,2,2006-02-15 21:30:53
735,2005-05-29 08:08:13,785,454,2005-06-07 13:35:13,1,2006-02-15 21:30:53
736,2005-05-29 08:10:07,900,276,2005-06-05 10:21:07,2,2006-02-15 21:30:53
737,2005-05-29 08:11:31,252,589,2005-06-04 11:18:31,2,2006-02-15 21:30:53
738,2005-05-29 08:20:08,93,256,2005-06-06 08:59:08,2,2006-02-15 21:30:53
739,2005-05-29 08:28:18,895,84,2005-06-06 09:21:18,2,2006-02-15 21:30:53
740,2005-05-29 08:30:36,119,89,2005-06-04 12:47:36,2,2006-02-15 21:30:53
741,2005-05-29 08:35:49,594,495,2005-06-04 11:55:49,1,2006-02-15 21:30:53
742,2005-05-29 08:36:30,955,483,2005-06-05 11:30:30,1,2006-02-15 21:30:53
743,2005-05-29 08:39:02,370,548,2005-06-06 08:42:02,2,2006-02-15 21:30:53
744,2005-05-29 09:13:08,42,420,2005-06-01 07:05:08,2,2006-02-15 21:30:53
745,2005-05-29 09:22:57,780,152,2005-06-01 09:10:57,1,2006-02-15 21:30:53
746,2005-05-29 09:25:10,745,130,2005-06-02 04:20:10,2,2006-02-15 21:30:53
747,2005-05-29 09:26:34,784,291,2005-06-05 07:28:34,1,2006-02-15 21:30:53
748,2005-05-29 09:27:00,81,7,2005-06-03 04:25:00,1,2006-02-15 21:30:53
749,2005-05-29 09:33:33,463,375,2005-05-31 11:45:33,2,2006-02-15 21:30:53
750,2005-05-29 09:41:40,653,269,2005-05-30 13:31:40,1,2006-02-15 21:30:53
751,2005-05-29 09:55:43,534,53,2005-06-02 04:54:43,1,2006-02-15 21:30:53
752,2005-05-29 10:14:15,431,126,2005-06-04 06:30:15,1,2006-02-15 21:30:53
753,2005-05-29 10:16:42,663,135,2005-06-05 08:52:42,2,2006-02-15 21:30:53
754,2005-05-29 10:18:59,103,281,2005-06-04 05:03:59,2,2006-02-15 21:30:53
755,2005-05-29 10:26:29,772,576,2005-06-01 10:25:29,2,2006-02-15 21:30:53
756,2005-05-29 10:28:45,984,201,2005-06-04 12:50:45,1,2006-02-15 21:30:53
757,2005-05-29 10:29:47,611,435,2005-06-07 15:27:47,1,2006-02-15 21:30:53
758,2005-05-29 10:31:56,817,563,2005-06-01 14:53:56,2,2006-02-15 21:30:53
759,2005-05-29 10:57:57,885,179,2005-06-07 16:23:57,2,2006-02-15 21:30:53
760,2005-05-29 11:07:25,292,77,2005-06-02 14:16:25,1,2006-02-15 21:30:53
761,2005-05-29 11:09:01,723,58,2005-06-03 16:18:01,2,2006-02-15 21:30:53
762,2005-05-29 11:15:51,44,146,2005-06-06 07:48:51,1,2006-02-15 21:30:53
763,2005-05-29 11:32:15,650,50,2005-05-31 17:31:15,1,2006-02-15 21:30:53
764,2005-05-29 11:37:35,411,149,2005-05-31 16:47:35,1,2006-02-15 21:30:53
765,2005-05-29 11:38:34,187,69,2005-06-02 17:04:34,1,2006-02-15 21:30:53
766,2005-05-29 11:47:02,957,383,2005-06-06 07:14:02,1,2006-02-15 21:30:53
767,2005-05-29 12:20:19,770,67,2005-06-02 14:15:19,2,2006-02-15 21:30:53
768,2005-05-29 12:30:46,449,566,2005-06-07 09:00:46,2,2006-02-15 21:30:53
769,2005-05-29 12:51:44,245,575,2005-06-01 17:43:44,1,2006-02-15 21:30:53
770,2005-05-29 12:56:50,474,405,2005-06-07 15:54:50,2,2006-02-15 21:30:53
771,2005-05-29 12:59:14,604,476,2005-06-01 16:05:14,2,2006-02-15 21:30:53
772,2005-05-29 13:08:06,101,556,2005-06-06 08:19:06,1,2006-02-15 21:30:53
773,2005-05-29 13:18:05,209,563,2005-06-07 17:22:05,1,2006-02-15 21:30:53
774,2005-05-29 13:19:43,866,575,2005-06-01 18:51:43,1,2006-02-15 21:30:53
775,2005-05-29 13:23:26,959,124,2005-05-30 07:53:26,2,2006-02-15 21:30:53
776,2005-05-29 13:35:35,411,113,2005-06-03 17:33:35,1,2006-02-15 21:30:53
777,2005-05-29 14:07:58,620,360,2005-06-03 08:41:58,2,2006-02-15 21:30:53
778,2005-05-29 14:09:53,149,535,2005-06-05 20:05:53,1,2006-02-15 21:30:53
779,2005-05-29 14:17:17,807,105,2005-06-06 16:46:17,1,2006-02-15 21:30:53
780,2005-05-29 14:18:32,547,300,2005-06-06 20:14:32,1,2006-02-15 21:30:53
781,2005-05-29 14:23:58,739,313,2005-05-30 17:44:58,1,2006-02-15 21:30:53
782,2005-05-29 14:38:57,193,596,2005-06-02 13:18:57,2,2006-02-15 21:30:53
783,2005-05-29 14:41:18,639,53,2005-06-06 10:39:18,2,2006-02-15 21:30:53
784,2005-05-29 14:44:22,777,352,2005-06-01 17:28:22,2,2006-02-15 21:30:53
785,2005-05-29 15:08:41,882,72,2005-05-30 15:51:41,1,2006-02-15 21:30:53
786,2005-05-29 15:17:28,799,439,2005-06-07 10:07:28,2,2006-02-15 21:30:53
787,2005-05-29 16:03:03,763,27,2005-06-07 11:07:03,2,2006-02-15 21:30:53
788,2005-05-29 16:13:55,57,562,2005-05-31 16:40:55,1,2006-02-15 21:30:53
789,2005-05-29 16:17:07,764,553,2005-06-06 18:15:07,1,2006-02-15 21:30:53
790,2005-05-29 16:19:29,208,593,2005-06-02 17:22:29,2,2006-02-15 21:30:53
791,2005-05-29 16:30:42,741,284,2005-06-01 19:11:42,1,2006-02-15 21:30:53
792,2005-05-29 16:32:10,699,261,2005-05-31 18:01:10,1,2006-02-15 21:30:53
793,2005-05-29 16:44:08,975,528,2005-06-06 19:21:08,2,2006-02-15 21:30:53
794,2005-05-29 16:44:11,508,50,2005-06-05 16:11:11,1,2006-02-15 21:30:53
795,2005-05-29 16:57:39,67,551,2005-06-01 11:33:39,2,2006-02-15 21:30:53
796,2005-05-29 16:59:44,112,26,2005-06-03 16:22:44,2,2006-02-15 21:30:53
797,2005-05-29 17:12:17,797,244,2005-06-03 16:06:17,1,2006-02-15 21:30:53
798,2005-05-29 17:23:43,373,134,2005-06-01 13:06:43,2,2006-02-15 21:30:53
799,2005-05-29 17:24:48,170,429,2005-06-05 12:25:48,1,2006-02-15 21:30:53
800,2005-05-29 17:28:12,834,472,2005-05-30 14:59:12,1,2006-02-15 21:30:53
801,2005-05-29 17:35:50,267,402,2005-06-04 17:05:50,2,2006-02-15 21:30:53
802,2005-05-29 17:38:59,462,350,2005-05-31 22:42:59,2,2006-02-15 21:30:53
803,2005-05-29 17:52:30,48,32,2005-05-30 14:35:30,2,2006-02-15 21:30:53
804,2005-05-29 18:10:24,312,171,2005-06-06 22:53:24,1,2006-02-15 21:30:53
805,2005-05-29 18:18:18,353,232,2005-06-07 15:11:18,2,2006-02-15 21:30:53
806,2005-05-29 18:31:30,111,435,2005-05-31 00:18:30,2,2006-02-15 21:30:53
807,2005-05-29 18:50:50,628,235,2005-06-03 18:36:50,2,2006-02-15 21:30:53
808,2005-05-29 19:08:20,184,104,2005-06-06 20:32:20,2,2006-02-15 21:30:53
809,2005-05-29 19:10:20,412,222,2005-06-05 19:05:20,2,2006-02-15 21:30:53
810,2005-05-29 19:12:04,456,346,2005-06-04 21:12:04,2,2006-02-15 21:30:53
811,2005-05-29 19:30:42,664,401,2005-06-02 16:19:42,2,2006-02-15 21:30:53
812,2005-05-29 20:00:30,366,225,2005-05-30 19:43:30,2,2006-02-15 21:30:53
813,2005-05-29 20:14:34,754,344,2005-06-05 20:56:34,1,2006-02-15 21:30:53
814,2005-05-29 20:16:12,647,134,2005-06-07 17:47:12,1,2006-02-15 21:30:53
815,2005-05-29 20:24:28,432,14,2005-06-03 15:32:28,1,2006-02-15 21:30:53
816,2005-05-29 20:26:39,958,474,2005-06-06 22:31:39,2,2006-02-15 21:30:53
817,2005-05-29 20:39:14,299,554,2005-05-31 18:24:14,1,2006-02-15 21:30:53
818,2005-05-29 20:47:53,46,321,2005-06-02 23:18:53,2,2006-02-15 21:30:53
819,2005-05-29 21:00:32,973,511,2005-06-02 15:15:32,2,2006-02-15 21:30:53
820,2005-05-29 21:07:22,620,22,2005-06-07 00:22:22,2,2006-02-15 21:30:53
821,2005-05-29 21:31:12,980,348,2005-06-04 22:49:12,1,2006-02-15 21:30:53
822,2005-05-29 21:36:00,58,480,2005-06-07 17:24:00,1,2006-02-15 21:30:53
823,2005-05-29 21:39:37,188,441,2005-05-30 22:06:37,1,2006-02-15 21:30:53
824,2005-05-29 21:45:32,807,357,2005-05-31 19:01:32,1,2006-02-15 21:30:53
825,2005-05-29 21:49:41,58,371,2005-06-04 20:27:41,2,2006-02-15 21:30:53
826,2005-05-29 21:56:15,754,207,2005-06-08 03:18:15,1,2006-02-15 21:30:53
827,2005-05-29 21:58:43,35,573,2005-06-06 00:54:43,1,2006-02-15 21:30:53
828,2005-05-29 22:14:55,656,217,2005-05-30 17:22:55,1,2006-02-15 21:30:53
829,2005-05-29 22:16:42,764,371,2005-06-06 01:38:42,1,2006-02-15 21:30:53
830,2005-05-29 22:43:55,690,3,2005-06-01 17:43:55,1,2006-02-15 21:30:53
831,2005-05-29 22:50:25,736,509,2005-06-06 02:27:25,1,2006-02-15 21:30:53
832,2005-05-29 22:51:20,711,159,2005-06-07 17:37:20,2,2006-02-15 21:30:53
833,2005-05-29 23:21:56,701,417,2005-06-02 18:40:56,1,2006-02-15 21:30:53
834,2005-05-29 23:24:30,330,84,2005-05-30 22:00:30,2,2006-02-15 21:30:53
835,2005-05-29 23:37:00,187,381,2005-06-02 23:38:00,1,2006-02-15 21:30:53
836,2005-05-29 23:56:42,935,368,2005-05-31 04:11:42,2,2006-02-15 21:30:53
837,2005-05-30 00:02:08,637,172,2005-06-02 05:31:08,2,2006-02-15 21:30:53
838,2005-05-30 00:27:57,985,504,2005-06-06 22:19:57,2,2006-02-15 21:30:53
839,2005-05-30 00:28:12,842,337,2005-06-08 02:43:12,1,2006-02-15 21:30:53
840,2005-05-30 00:28:41,739,79,2005-05-31 20:39:41,2,2006-02-15 21:30:53
841,2005-05-30 00:31:17,950,387,2005-06-02 19:14:17,1,2006-02-15 21:30:53
842,2005-05-30 00:32:04,888,238,2005-06-01 02:21:04,1,2006-02-15 21:30:53
843,2005-05-30 00:44:24,292,313,2005-05-31 00:58:24,2,2006-02-15 21:30:53
844,2005-05-30 00:58:20,613,429,2005-06-01 00:38:20,1,2006-02-15 21:30:53
845,2005-05-30 01:17:25,733,72,2005-06-07 02:00:25,1,2006-02-15 21:30:53
846,2005-05-30 01:17:45,364,49,2005-06-01 00:56:45,2,2006-02-15 21:30:53
847,2005-05-30 01:18:15,589,380,2005-06-06 20:20:15,2,2006-02-15 21:30:53
848,2005-05-30 01:19:53,831,436,2005-06-05 23:40:53,1,2006-02-15 21:30:53
849,2005-05-30 01:23:07,299,449,2005-06-07 01:50:07,1,2006-02-15 21:30:53
850,2005-05-30 01:35:12,255,517,2005-05-31 01:51:12,1,2006-02-15 21:30:53
851,2005-05-30 01:35:15,275,530,2005-06-06 07:27:15,1,2006-02-15 21:30:53
852,2005-05-30 01:36:57,287,549,2005-06-01 22:44:57,1,2006-02-15 21:30:53
853,2005-05-30 01:43:31,259,122,2005-06-01 02:05:31,1,2006-02-15 21:30:53
854,2005-05-30 01:56:11,203,369,2005-06-01 06:34:11,2,2006-02-15 21:30:53
855,2005-05-30 02:00:28,844,406,2005-06-03 20:16:28,2,2006-02-15 21:30:53
856,2005-05-30 02:01:21,410,53,2005-06-07 03:25:21,1,2006-02-15 21:30:53
857,2005-05-30 02:01:23,301,204,2005-06-02 06:07:23,2,2006-02-15 21:30:53
858,2005-05-30 02:10:32,250,358,2005-06-01 04:42:32,1,2006-02-15 21:30:53
859,2005-05-30 02:36:20,233,79,2005-06-02 07:49:20,2,2006-02-15 21:30:53
860,2005-05-30 02:45:16,836,276,2005-06-08 07:28:16,1,2006-02-15 21:30:53
861,2005-05-30 02:48:32,874,502,2005-06-06 05:43:32,1,2006-02-15 21:30:53
862,2005-05-30 03:09:11,575,328,2005-06-03 21:27:11,1,2006-02-15 21:30:53
863,2005-05-30 03:14:59,381,379,2005-06-05 04:34:59,2,2006-02-15 21:30:53
864,2005-05-30 03:27:17,404,544,2005-06-06 08:28:17,1,2006-02-15 21:30:53
865,2005-05-30 03:39:44,55,154,2005-06-07 08:10:44,2,2006-02-15 21:30:53
866,2005-05-30 03:43:54,827,8,2005-06-08 04:28:54,1,2006-02-15 21:30:53
867,2005-05-30 03:54:43,271,99,2005-06-01 22:59:43,1,2006-02-15 21:30:53
868,2005-05-30 04:19:55,9,28,2005-05-31 02:28:55,1,2006-02-15 21:30:53
869,2005-05-30 04:22:06,71,296,2005-06-03 09:18:06,2,2006-02-15 21:30:53
870,2005-05-30 04:25:47,778,391,2005-06-06 04:32:47,1,2006-02-15 21:30:53
871,2005-05-30 05:01:30,26,303,2005-06-04 06:22:30,2,2006-02-15 21:30:53
872,2005-05-30 05:03:04,618,548,2005-06-06 10:35:04,1,2006-02-15 21:30:53
873,2005-05-30 05:15:20,661,375,2005-06-07 00:49:20,2,2006-02-15 21:30:53
874,2005-05-30 05:36:21,754,52,2005-06-01 09:32:21,1,2006-02-15 21:30:53
875,2005-05-30 05:38:24,472,326,2005-06-06 00:34:24,2,2006-02-15 21:30:53
876,2005-05-30 05:41:22,22,339,2005-06-07 09:06:22,2,2006-02-15 21:30:53
877,2005-05-30 05:48:59,949,9,2005-06-02 09:30:59,1,2006-02-15 21:30:53
878,2005-05-30 05:49:13,954,323,2005-06-07 04:35:13,1,2006-02-15 21:30:53
879,2005-05-30 05:49:42,952,482,2005-06-05 01:45:42,2,2006-02-15 21:30:53
880,2005-05-30 06:12:33,575,460,2005-06-02 04:35:33,2,2006-02-15 21:30:53
881,2005-05-30 06:15:36,234,242,2005-06-02 10:21:36,1,2006-02-15 21:30:53
882,2005-05-30 06:16:06,520,477,2005-06-02 11:57:06,1,2006-02-15 21:30:53
883,2005-05-30 06:21:05,737,399,2005-06-07 04:50:05,2,2006-02-15 21:30:53
884,2005-05-30 06:41:32,122,17,2005-05-31 07:39:32,1,2006-02-15 21:30:53
885,2005-05-30 06:54:28,431,62,2005-06-03 07:03:28,2,2006-02-15 21:30:53
886,2005-05-30 06:54:51,424,393,2005-06-01 06:04:51,2,2006-02-15 21:30:53
887,2005-05-30 07:10:00,942,16,2005-06-01 06:48:00,2,2006-02-15 21:30:53
888,2005-05-30 07:13:14,651,128,2005-06-06 09:50:14,1,2006-02-15 21:30:53
889,2005-05-30 07:14:53,930,114,2005-05-31 07:56:53,2,2006-02-15 21:30:53
890,2005-05-30 07:43:04,808,349,2005-06-01 11:26:04,1,2006-02-15 21:30:53
891,2005-05-30 07:43:12,440,391,2005-06-08 09:21:12,1,2006-02-15 21:30:53
892,2005-05-30 08:02:56,946,274,2005-06-05 12:51:56,1,2006-02-15 21:30:53
893,2005-05-30 08:06:59,239,502,2005-06-07 08:23:59,2,2006-02-15 21:30:53
894,2005-05-30 08:31:31,340,400,2005-06-07 12:39:31,1,2006-02-15 21:30:53
895,2005-05-30 08:50:43,921,192,2005-06-05 10:58:43,1,2006-02-15 21:30:53
896,2005-05-30 09:03:52,543,207,2005-06-05 07:37:52,2,2006-02-15 21:30:53
897,2005-05-30 09:10:01,56,432,2005-06-08 03:43:01,1,2006-02-15 21:30:53
898,2005-05-30 09:26:19,244,384,2005-06-01 10:45:19,2,2006-02-15 21:30:53
899,2005-05-30 09:29:30,794,156,2005-06-06 12:39:30,2,2006-02-15 21:30:53
900,2005-05-30 09:38:41,469,586,2005-06-07 11:54:41,1,2006-02-15 21:30:53
901,2005-05-30 09:40:40,465,259,2005-06-02 10:32:40,1,2006-02-15 21:30:53
902,2005-05-30 09:53:36,828,561,2005-06-07 12:10:36,1,2006-02-15 21:30:53
903,2005-05-30 10:11:29,620,197,2005-06-03 09:33:29,1,2006-02-15 21:30:53
904,2005-05-30 10:19:42,907,44,2005-06-05 04:58:42,2,2006-02-15 21:30:53
905,2005-05-30 10:25:00,579,50,2005-06-06 06:23:00,1,2006-02-15 21:30:53
906,2005-05-30 10:30:38,237,549,2005-06-07 06:44:38,2,2006-02-15 21:30:53
907,2005-05-30 10:37:27,247,506,2005-06-02 09:51:27,1,2006-02-15 21:30:53
908,2005-05-30 10:38:37,598,85,2005-06-03 09:56:37,1,2006-02-15 21:30:53
909,2005-05-30 10:43:38,510,486,2005-06-08 12:07:38,1,2006-02-15 21:30:53
910,2005-05-30 10:46:16,139,374,2005-06-04 13:32:16,1,2006-02-15 21:30:53
911,2005-05-30 10:50:22,709,366,2005-06-07 12:26:22,2,2006-02-15 21:30:53
912,2005-05-30 10:58:33,708,390,2005-05-31 09:31:33,2,2006-02-15 21:30:53
913,2005-05-30 11:04:58,194,369,2005-06-07 13:22:58,2,2006-02-15 21:30:53
914,2005-05-30 11:06:00,505,596,2005-06-04 06:07:00,2,2006-02-15 21:30:53
915,2005-05-30 11:20:27,769,115,2005-06-02 11:55:27,1,2006-02-15 21:30:53
916,2005-05-30 11:25:01,259,6,2005-05-31 09:06:01,1,2006-02-15 21:30:53
917,2005-05-30 11:27:06,327,385,2005-06-02 08:31:06,1,2006-02-15 21:30:53
918,2005-05-30 11:32:24,401,197,2005-05-31 07:55:24,2,2006-02-15 21:30:53
919,2005-05-30 11:35:06,749,374,2005-06-02 13:16:06,2,2006-02-15 21:30:53
920,2005-05-30 11:44:01,382,584,2005-06-02 08:19:01,2,2006-02-15 21:30:53
921,2005-05-30 11:53:09,215,508,2005-06-03 10:00:09,2,2006-02-15 21:30:53
922,2005-05-30 11:55:55,676,550,2005-06-08 10:12:55,2,2006-02-15 21:30:53
923,2005-05-30 11:58:50,911,37,2005-06-05 09:57:50,1,2006-02-15 21:30:53
924,2005-05-30 12:10:59,575,293,2005-06-04 17:28:59,1,2006-02-15 21:30:53
925,2005-05-30 12:13:52,5,137,2005-06-02 14:41:52,2,2006-02-15 21:30:53
926,2005-05-30 12:15:54,991,76,2005-06-01 08:53:54,2,2006-02-15 21:30:53
927,2005-05-30 12:16:40,268,167,2005-05-31 16:20:40,2,2006-02-15 21:30:53
928,2005-05-30 12:27:14,168,79,2005-06-05 13:56:14,2,2006-02-15 21:30:53
929,2005-05-30 12:32:39,255,536,2005-06-06 12:17:39,1,2006-02-15 21:30:53
930,2005-05-30 12:44:57,508,141,2005-06-04 10:53:57,2,2006-02-15 21:30:53
931,2005-05-30 12:53:01,797,421,2005-05-31 14:28:01,1,2006-02-15 21:30:53
932,2005-05-30 12:55:36,791,198,2005-05-31 10:30:36,2,2006-02-15 21:30:53
933,2005-05-30 13:08:45,427,66,2005-06-01 18:56:45,1,2006-02-15 21:30:53
934,2005-05-30 13:24:46,534,60,2005-06-08 16:44:46,2,2006-02-15 21:30:53
935,2005-05-30 13:29:36,729,256,2005-06-02 11:08:36,1,2006-02-15 21:30:53
936,2005-05-30 13:52:49,361,469,2005-06-07 16:56:49,1,2006-02-15 21:30:53
937,2005-05-30 14:47:31,392,304,2005-06-05 09:53:31,2,2006-02-15 21:30:53
938,2005-05-30 14:47:31,432,46,2005-06-04 10:10:31,2,2006-02-15 21:30:53
939,2005-05-30 14:49:34,513,367,2005-06-01 19:00:34,1,2006-02-15 21:30:53
940,2005-05-30 15:01:02,201,534,2005-06-01 18:26:02,1,2006-02-15 21:30:53
941,2005-05-30 15:02:25,369,562,2005-06-01 17:19:25,1,2006-02-15 21:30:53
942,2005-05-30 15:05:47,64,473,2005-06-08 15:59:47,2,2006-02-15 21:30:53
943,2005-05-30 15:20:19,83,57,2005-06-06 18:53:19,1,2006-02-15 21:30:53
944,2005-05-30 15:26:24,71,131,2005-06-07 18:09:24,2,2006-02-15 21:30:53
945,2005-05-30 15:33:17,711,357,2005-06-02 15:02:17,2,2006-02-15 21:30:53
946,2005-05-30 15:35:08,638,486,2005-06-08 11:38:08,1,2006-02-15 21:30:53
947,2005-05-30 15:36:57,809,62,2005-06-04 18:48:57,1,2006-02-15 21:30:53
948,2005-05-30 15:44:27,365,245,2005-06-08 17:30:27,2,2006-02-15 21:30:53
949,2005-05-30 15:50:39,348,368,2005-06-03 14:25:39,1,2006-02-15 21:30:53
950,2005-05-30 16:06:08,197,83,2005-06-01 11:43:08,1,2006-02-15 21:30:53
951,2005-05-30 16:10:35,330,59,2005-05-31 19:01:35,2,2006-02-15 21:30:53
952,2005-05-30 16:28:07,825,311,2005-06-02 16:12:07,2,2006-02-15 21:30:53
953,2005-05-30 16:34:02,263,210,2005-05-31 20:34:02,1,2006-02-15 21:30:53
954,2005-05-30 16:57:29,706,297,2005-06-08 13:30:29,2,2006-02-15 21:30:53
955,2005-05-30 16:59:03,20,301,2005-05-31 11:58:03,2,2006-02-15 21:30:53
956,2005-05-30 17:30:28,18,296,2005-06-07 13:54:28,2,2006-02-15 21:30:53
957,2005-05-30 17:53:29,775,440,2005-06-03 15:31:29,2,2006-02-15 21:30:53
958,2005-05-30 17:58:03,360,186,2005-06-01 19:17:03,2,2006-02-15 21:30:53
959,2005-05-30 18:07:00,525,535,2005-06-02 14:37:00,2,2006-02-15 21:30:53
960,2005-05-30 18:13:23,558,445,2005-06-04 00:12:23,2,2006-02-15 21:30:53
961,2005-05-30 18:16:44,433,588,2005-06-04 23:40:44,2,2006-02-15 21:30:53
962,2005-05-30 18:45:17,731,520,2005-06-05 22:47:17,1,2006-02-15 21:30:53
963,2005-05-30 18:52:53,298,225,2005-06-07 16:19:53,2,2006-02-15 21:30:53
964,2005-05-30 18:53:21,379,287,2005-06-04 22:32:21,2,2006-02-15 21:30:53
965,2005-05-30 19:00:14,120,502,2005-05-31 17:10:14,2,2006-02-15 21:30:53
966,2005-05-30 19:00:37,15,496,2005-05-31 23:51:37,1,2006-02-15 21:30:53
967,2005-05-30 19:12:06,871,330,2005-06-09 00:02:06,2,2006-02-15 21:30:53
968,2005-05-30 19:20:03,214,576,2005-05-31 18:17:03,2,2006-02-15 21:30:53
969,2005-05-30 19:23:48,491,551,2005-05-31 21:14:48,1,2006-02-15 21:30:53
970,2005-05-30 19:50:28,693,307,2005-06-09 01:19:28,1,2006-02-15 21:30:53
971,2005-05-30 20:10:52,936,561,2005-06-06 20:47:52,1,2006-02-15 21:30:53
972,2005-05-30 20:21:07,289,411,2005-06-06 00:36:07,1,2006-02-15 21:30:53
973,2005-05-30 20:27:45,542,473,2005-06-08 22:47:45,2,2006-02-15 21:30:53
974,2005-05-30 20:28:42,115,596,2005-06-08 23:45:42,2,2006-02-15 21:30:53
975,2005-05-30 21:07:15,341,7,2005-06-03 01:48:15,2,2006-02-15 21:30:53
976,2005-05-30 21:11:19,799,581,2005-06-06 02:16:19,2,2006-02-15 21:30:53
977,2005-05-30 21:22:26,657,394,2005-06-04 22:32:26,2,2006-02-15 21:30:53
978,2005-05-30 21:30:52,568,154,2005-06-07 16:22:52,1,2006-02-15 21:30:53
979,2005-05-30 21:37:11,743,279,2005-06-08 00:24:11,2,2006-02-15 21:30:53
980,2005-05-30 21:45:19,964,273,2005-06-01 20:32:19,1,2006-02-15 21:30:53
981,2005-05-30 21:52:42,950,326,2005-06-01 03:15:42,2,2006-02-15 21:30:53
982,2005-05-30 22:15:24,615,524,2005-06-02 16:18:24,1,2006-02-15 21:30:53
983,2005-05-30 22:15:51,288,115,2005-06-02 22:56:51,1,2006-02-15 21:30:53
984,2005-05-30 22:17:17,388,262,2005-06-01 20:15:17,2,2006-02-15 21:30:53
985,2005-05-30 22:18:35,776,564,2005-06-04 23:36:35,1,2006-02-15 21:30:53
986,2005-05-30 22:22:52,328,253,2005-06-01 02:24:52,1,2006-02-15 21:30:53
987,2005-05-30 22:59:12,146,11,2005-06-07 20:56:12,1,2006-02-15 21:30:53
988,2005-05-30 23:08:03,876,12,2005-06-07 00:22:03,1,2006-02-15 21:30:53
989,2005-05-30 23:11:51,994,83,2005-06-03 20:36:51,2,2006-02-15 21:30:53
990,2005-05-30 23:25:14,442,311,2005-06-06 18:41:14,2,2006-02-15 21:30:53
991,2005-05-30 23:29:22,817,593,2005-06-07 23:16:22,1,2006-02-15 21:30:53
992,2005-05-30 23:47:56,965,123,2005-06-05 19:01:56,1,2006-02-15 21:30:53
993,2005-05-30 23:54:19,874,513,2005-06-04 21:27:19,1,2006-02-15 21:30:53
994,2005-05-30 23:55:36,475,472,2005-06-04 01:00:36,2,2006-02-15 21:30:53
995,2005-05-31 00:06:02,204,150,2005-06-06 02:30:02,2,2006-02-15 21:30:53
996,2005-05-31 00:06:20,527,331,2005-05-31 21:29:20,2,2006-02-15 21:30:53
997,2005-05-31 00:08:25,356,216,2005-06-02 00:17:25,2,2006-02-15 21:30:53
998,2005-05-31 00:16:57,844,389,2005-06-01 22:41:57,1,2006-02-15 21:30:53
999,2005-05-31 00:25:10,269,413,2005-06-03 06:05:10,2,2006-02-15 21:30:53
1000,2005-05-31 00:25:56,393,332,2005-06-08 19:42:56,2,2006-02-15 21:30:53
1001,2005-05-31 00:46:31,302,64,2005-06-06 06:14:31,2,2006-02-15 21:30:53
